chromosome	window_pos_1	window_pos_2	group	piawka_lines	pixy_no_sites	sites_gained_piawka_vs_pixy
scaffold_1	1000000	1010000	Central Europe	7002.0	3981.0	3021.0
scaffold_1	1000000	1010000	East Siberia	8050.0	4076.0	3974.0
scaffold_1	1000000	1010000	Karelia	7652.0	3658.0	3994.0
scaffold_1	1000000	1010000	MIX Amur Basin	7127.0	3306.0	3821.0
scaffold_1	1000000	1010000	MIX Central Siberia	7649.0	3915.0	3734.0
scaffold_1	1000000	1010000	MIX Sibiryakov Island	6049.0	2486.0	3563.0
scaffold_1	1000000	1010000	North America	8062.0	4001.0	4061.0
scaffold_1	1000000	1010000	Northern Ural	7370.0	3871.0	3499.0
scaffold_1	1000000	1010000	Scandinavia	7718.0	3756.0	3962.0
scaffold_1	1000000	1010000	Siberia SC	8621.0	4020.0	4601.0
scaffold_1	1000000	1010000	West Siberia	7617.0	3699.0	3918.0
scaffold_1	1000000	1010000	admixed	7958.0	4027.0	3931.0
scaffold_1	1010000	1020000	Central Europe	6992.0	3708.0	3284.0
scaffold_1	1010000	1020000	East Siberia	7653.0	3752.0	3901.0
scaffold_1	1010000	1020000	Karelia	8627.0	3752.0	4875.0
scaffold_1	1010000	1020000	MIX Amur Basin	7492.0	3298.0	4194.0
scaffold_1	1010000	1020000	MIX Central Siberia	7730.0	3661.0	4069.0
scaffold_1	1010000	1020000	MIX Sibiryakov Island	8327.0	3632.0	4695.0
scaffold_1	1010000	1020000	North America	8115.0	3704.0	4411.0
scaffold_1	1010000	1020000	Northern Ural	7605.0	3636.0	3969.0
scaffold_1	1010000	1020000	Scandinavia	8147.0	3704.0	4443.0
scaffold_1	1010000	1020000	Siberia SC	8471.0	3648.0	4823.0
scaffold_1	1010000	1020000	West Siberia	8196.0	3743.0	4453.0
scaffold_1	1010000	1020000	admixed	8083.0	3660.0	4423.0
scaffold_1	1020000	1030000	Central Europe	7848.0	5399.0	2449.0
scaffold_1	1020000	1030000	East Siberia	8827.0	5435.0	3392.0
scaffold_1	1020000	1030000	Karelia	9276.0	5435.0	3841.0
scaffold_1	1020000	1030000	MIX Amur Basin	8437.0	4898.0	3539.0
scaffold_1	1020000	1030000	MIX Central Siberia	8574.0	5365.0	3209.0
scaffold_1	1020000	1030000	MIX Sibiryakov Island	9057.0	5350.0	3707.0
scaffold_1	1020000	1030000	North America	8957.0	5396.0	3561.0
scaffold_1	1020000	1030000	Northern Ural	8485.0	5353.0	3132.0
scaffold_1	1020000	1030000	Scandinavia	8977.0	5396.0	3581.0
scaffold_1	1020000	1030000	Siberia SC	9159.0	5340.0	3819.0
scaffold_1	1020000	1030000	West Siberia	9159.0	5429.0	3730.0
scaffold_1	1020000	1030000	admixed	8958.0	5361.0	3597.0
scaffold_1	1030000	1040000	Central Europe	7937.0	4981.0	2956.0
scaffold_1	1030000	1040000	East Siberia	8762.0	5019.0	3743.0
scaffold_1	1030000	1040000	Karelia	8983.0	5018.0	3965.0
scaffold_1	1030000	1040000	MIX Amur Basin	8289.0	4506.0	3783.0
scaffold_1	1030000	1040000	MIX Central Siberia	8595.0	4950.0	3645.0
scaffold_1	1030000	1040000	MIX Sibiryakov Island	8900.0	4914.0	3986.0
scaffold_1	1030000	1040000	North America	8561.0	4975.0	3586.0
scaffold_1	1030000	1040000	Northern Ural	8472.0	4925.0	3547.0
scaffold_1	1030000	1040000	Scandinavia	8867.0	4975.0	3892.0
scaffold_1	1030000	1040000	Siberia SC	9003.0	4923.0	4080.0
scaffold_1	1030000	1040000	West Siberia	8945.0	5009.0	3936.0
scaffold_1	1030000	1040000	admixed	8923.0	4948.0	3975.0
scaffold_1	1040000	1050000	Central Europe	8202.0	5433.0	2769.0
scaffold_1	1040000	1050000	East Siberia	9010.0	5468.0	3542.0
scaffold_1	1040000	1050000	Karelia	9198.0	5467.0	3731.0
scaffold_1	1040000	1050000	MIX Amur Basin	8298.0	4894.0	3404.0
scaffold_1	1040000	1050000	MIX Central Siberia	8933.0	5404.0	3529.0
scaffold_1	1040000	1050000	MIX Sibiryakov Island	9019.0	5386.0	3633.0
scaffold_1	1040000	1050000	North America	8899.0	5424.0	3475.0
scaffold_1	1040000	1050000	Northern Ural	8632.0	5386.0	3246.0
scaffold_1	1040000	1050000	Scandinavia	8899.0	5424.0	3475.0
scaffold_1	1040000	1050000	Siberia SC	9136.0	5386.0	3750.0
scaffold_1	1040000	1050000	West Siberia	8876.0	5461.0	3415.0
scaffold_1	1040000	1050000	admixed	8978.0	5401.0	3577.0
scaffold_1	1050000	1060000	Central Europe	6944.0	4103.0	2841.0
scaffold_1	1050000	1060000	East Siberia	8356.0	4153.0	4203.0
scaffold_1	1050000	1060000	Karelia	8572.0	4144.0	4428.0
scaffold_1	1050000	1060000	MIX Amur Basin	7602.0	3673.0	3929.0
scaffold_1	1050000	1060000	MIX Central Siberia	8044.0	4080.0	3964.0
scaffold_1	1050000	1060000	MIX Sibiryakov Island	8384.0	4043.0	4341.0
scaffold_1	1050000	1060000	North America	8111.0	4096.0	4015.0
scaffold_1	1050000	1060000	Northern Ural	7733.0	4044.0	3689.0
scaffold_1	1050000	1060000	Scandinavia	8108.0	4097.0	4011.0
scaffold_1	1050000	1060000	Siberia SC	8588.0	4064.0	4524.0
scaffold_1	1050000	1060000	West Siberia	8420.0	4143.0	4277.0
scaffold_1	1050000	1060000	admixed	8296.0	4071.0	4225.0
scaffold_1	1060000	1070000	Central Europe	7046.0	4376.0	2670.0
scaffold_1	1060000	1070000	East Siberia	8632.0	4410.0	4222.0
scaffold_1	1060000	1070000	Karelia	9009.0	4408.0	4601.0
scaffold_1	1060000	1070000	MIX Amur Basin	8156.0	3915.0	4241.0
scaffold_1	1060000	1070000	MIX Central Siberia	8425.0	4349.0	4076.0
scaffold_1	1060000	1070000	MIX Sibiryakov Island	8695.0	4299.0	4396.0
scaffold_1	1060000	1070000	North America	8306.0	4364.0	3942.0
scaffold_1	1060000	1070000	Northern Ural	8283.0	4309.0	3974.0
scaffold_1	1060000	1070000	Scandinavia	8468.0	4364.0	4104.0
scaffold_1	1060000	1070000	Siberia SC	8897.0	4332.0	4565.0
scaffold_1	1060000	1070000	West Siberia	8661.0	4403.0	4258.0
scaffold_1	1060000	1070000	admixed	8647.0	4346.0	4301.0
scaffold_1	1070000	1080000	Central Europe	6204.0	3076.0	3128.0
scaffold_1	1070000	1080000	East Siberia	7753.0	3127.0	4626.0
scaffold_1	1070000	1080000	Karelia	8329.0	3114.0	5215.0
scaffold_1	1070000	1080000	MIX Amur Basin	7443.0	2700.0	4743.0
scaffold_1	1070000	1080000	MIX Central Siberia	7600.0	3045.0	4555.0
scaffold_1	1070000	1080000	MIX Sibiryakov Island	8086.0	2961.0	5125.0
scaffold_1	1070000	1080000	North America	7447.0	3080.0	4367.0
scaffold_1	1070000	1080000	Northern Ural	7264.0	3004.0	4260.0
scaffold_1	1070000	1080000	Scandinavia	7787.0	3068.0	4719.0
scaffold_1	1070000	1080000	Siberia SC	8363.0	3054.0	5309.0
scaffold_1	1070000	1080000	West Siberia	7794.0	3107.0	4687.0
scaffold_1	1070000	1080000	admixed	7941.0	3048.0	4893.0
scaffold_1	1080000	1090000	Central Europe	7193.0	4412.0	2781.0
scaffold_1	1080000	1090000	East Siberia	8414.0	4427.0	3987.0
scaffold_1	1080000	1090000	Karelia	8386.0	4186.0	4200.0
scaffold_1	1080000	1090000	MIX Amur Basin	7826.0	3952.0	3874.0
scaffold_1	1080000	1090000	MIX Central Siberia	8155.0	4387.0	3768.0
scaffold_1	1080000	1090000	MIX Sibiryakov Island	8439.0	4239.0	4200.0
scaffold_1	1080000	1090000	North America	8274.0	4400.0	3874.0
scaffold_1	1080000	1090000	Northern Ural	7781.0	4348.0	3433.0
scaffold_1	1080000	1090000	Scandinavia	8025.0	4277.0	3748.0
scaffold_1	1080000	1090000	Siberia SC	8411.0	4062.0	4349.0
scaffold_1	1080000	1090000	West Siberia	8412.0	4394.0	4018.0
scaffold_1	1080000	1090000	admixed	8360.0	4243.0	4117.0
scaffold_1	1090000	1100000	Central Europe	7835.0	4954.0	2881.0
scaffold_1	1090000	1100000	East Siberia	8740.0	4983.0	3757.0
scaffold_1	1090000	1100000	Karelia	9002.0	4982.0	4020.0
scaffold_1	1090000	1100000	MIX Amur Basin	8124.0	4489.0	3635.0
scaffold_1	1090000	1100000	MIX Central Siberia	8537.0	4930.0	3607.0
scaffold_1	1090000	1100000	MIX Sibiryakov Island	8820.0	4893.0	3927.0
scaffold_1	1090000	1100000	North America	8442.0	4951.0	3491.0
scaffold_1	1090000	1100000	Northern Ural	8475.0	4913.0	3562.0
scaffold_1	1090000	1100000	Scandinavia	8686.0	4951.0	3735.0
scaffold_1	1090000	1100000	Siberia SC	9023.0	4910.0	4113.0
scaffold_1	1090000	1100000	West Siberia	8835.0	4979.0	3856.0
scaffold_1	1090000	1100000	admixed	8774.0	4928.0	3846.0
scaffold_1	1100000	1110000	Central Europe	6817.0	4114.0	2703.0
scaffold_1	1100000	1110000	East Siberia	8411.0	4125.0	4286.0
scaffold_1	1100000	1110000	Karelia	8521.0	4136.0	4385.0
scaffold_1	1100000	1110000	MIX Amur Basin	7795.0	3698.0	4097.0
scaffold_1	1100000	1110000	MIX Central Siberia	8170.0	4088.0	4082.0
scaffold_1	1100000	1110000	MIX Sibiryakov Island	8199.0	3931.0	4268.0
scaffold_1	1100000	1110000	North America	8149.0	4071.0	4078.0
scaffold_1	1100000	1110000	Northern Ural	7870.0	4030.0	3840.0
scaffold_1	1100000	1110000	Scandinavia	7983.0	4113.0	3870.0
scaffold_1	1100000	1110000	Siberia SC	8725.0	4066.0	4659.0
scaffold_1	1100000	1110000	West Siberia	8220.0	4096.0	4124.0
scaffold_1	1100000	1110000	admixed	8389.0	4083.0	4306.0
scaffold_1	1110000	1120000	Central Europe	6880.0	4145.0	2735.0
scaffold_1	1110000	1120000	East Siberia	8385.0	4187.0	4198.0
scaffold_1	1110000	1120000	Karelia	8505.0	4142.0	4363.0
scaffold_1	1110000	1120000	MIX Amur Basin	7642.0	3675.0	3967.0
scaffold_1	1110000	1120000	MIX Central Siberia	7921.0	4089.0	3832.0
scaffold_1	1110000	1120000	MIX Sibiryakov Island	8384.0	4032.0	4352.0
scaffold_1	1110000	1120000	North America	8107.0	4118.0	3989.0
scaffold_1	1110000	1120000	Northern Ural	7702.0	4055.0	3647.0
scaffold_1	1110000	1120000	Scandinavia	8287.0	4137.0	4150.0
scaffold_1	1110000	1120000	Siberia SC	8583.0	4072.0	4511.0
scaffold_1	1110000	1120000	West Siberia	8463.0	4179.0	4284.0
scaffold_1	1110000	1120000	admixed	8387.0	4087.0	4300.0
scaffold_1	1120000	1130000	Central Europe	6509.0	3216.0	3293.0
scaffold_1	1120000	1130000	East Siberia	7709.0	3130.0	4579.0
scaffold_1	1120000	1130000	Karelia	6885.0	2780.0	4105.0
scaffold_1	1120000	1130000	MIX Amur Basin	7471.0	2788.0	4683.0
scaffold_1	1120000	1130000	MIX Central Siberia	7577.0	3015.0	4562.0
scaffold_1	1120000	1130000	MIX Sibiryakov Island	7160.0	2653.0	4507.0
scaffold_1	1120000	1130000	North America	6902.0	3233.0	3669.0
scaffold_1	1120000	1130000	Northern Ural	7349.0	2893.0	4456.0
scaffold_1	1120000	1130000	Scandinavia	7342.0	3254.0	4088.0
scaffold_1	1120000	1130000	Siberia SC	8715.0	3290.0	5425.0
scaffold_1	1120000	1130000	West Siberia	7719.0	3170.0	4549.0
scaffold_1	1120000	1130000	admixed	8253.0	3241.0	5012.0
scaffold_1	1130000	1140000	Central Europe	6327.0	3509.0	2818.0
scaffold_1	1130000	1140000	East Siberia	6923.0	3130.0	3793.0
scaffold_1	1130000	1140000	Karelia	6808.0	2802.0	4006.0
scaffold_1	1130000	1140000	MIX Amur Basin	6680.0	2629.0	4051.0
scaffold_1	1130000	1140000	MIX Central Siberia	7441.0	3343.0	4098.0
scaffold_1	1130000	1140000	MIX Sibiryakov Island	6709.0	2725.0	3984.0
scaffold_1	1130000	1140000	North America	6865.0	3501.0	3364.0
scaffold_1	1130000	1140000	Northern Ural	6855.0	3113.0	3742.0
scaffold_1	1130000	1140000	Scandinavia	6990.0	3215.0	3775.0
scaffold_1	1130000	1140000	Siberia SC	8651.0	3486.0	5165.0
scaffold_1	1130000	1140000	West Siberia	6618.0	2659.0	3959.0
scaffold_1	1130000	1140000	admixed	7604.0	3406.0	4198.0
scaffold_1	1140000	1150000	Central Europe	6103.0	3026.0	3077.0
scaffold_1	1140000	1150000	East Siberia	7571.0	3053.0	4518.0
scaffold_1	1140000	1150000	Karelia	7463.0	2809.0	4654.0
scaffold_1	1140000	1150000	MIX Amur Basin	7203.0	2654.0	4549.0
scaffold_1	1140000	1150000	MIX Central Siberia	7395.0	3000.0	4395.0
scaffold_1	1140000	1150000	MIX Sibiryakov Island	7983.0	2960.0	5023.0
scaffold_1	1140000	1150000	North America	7342.0	3018.0	4324.0
scaffold_1	1140000	1150000	Northern Ural	7203.0	2965.0	4238.0
scaffold_1	1140000	1150000	Scandinavia	7646.0	3018.0	4628.0
scaffold_1	1140000	1150000	Siberia SC	8341.0	2980.0	5361.0
scaffold_1	1140000	1150000	West Siberia	7624.0	3048.0	4576.0
scaffold_1	1140000	1150000	admixed	7658.0	2988.0	4670.0
scaffold_1	1150000	1160000	Central Europe	7151.0	5271.0	1880.0
scaffold_1	1150000	1160000	East Siberia	7874.0	5032.0	2842.0
scaffold_1	1150000	1160000	Karelia	7901.0	4676.0	3225.0
scaffold_1	1150000	1160000	MIX Amur Basin	6990.0	4081.0	2909.0
scaffold_1	1150000	1160000	MIX Central Siberia	7916.0	5052.0	2864.0
scaffold_1	1150000	1160000	MIX Sibiryakov Island	6633.0	3697.0	2936.0
scaffold_1	1150000	1160000	North America	7720.0	5165.0	2555.0
scaffold_1	1150000	1160000	Northern Ural	7705.0	4954.0	2751.0
scaffold_1	1150000	1160000	Scandinavia	7868.0	5236.0	2632.0
scaffold_1	1150000	1160000	Siberia SC	8890.0	5278.0	3612.0
scaffold_1	1150000	1160000	West Siberia	6923.0	4475.0	2448.0
scaffold_1	1150000	1160000	admixed	8302.0	5240.0	3062.0
scaffold_1	1160000	1170000	Central Europe	8454.0	6386.0	2068.0
scaffold_1	1160000	1170000	East Siberia	9010.0	6358.0	2652.0
scaffold_1	1160000	1170000	Karelia	5569.0	3292.0	2277.0
scaffold_1	1160000	1170000	MIX Amur Basin	7966.0	5443.0	2523.0
scaffold_1	1160000	1170000	MIX Central Siberia	8909.0	6225.0	2684.0
scaffold_1	1160000	1170000	MIX Sibiryakov Island	8178.0	5491.0	2687.0
scaffold_1	1160000	1170000	North America	8829.0	6419.0	2410.0
scaffold_1	1160000	1170000	Northern Ural	8395.0	5868.0	2527.0
scaffold_1	1160000	1170000	Scandinavia	8322.0	6116.0	2206.0
scaffold_1	1160000	1170000	Siberia SC	9486.0	6487.0	2999.0
scaffold_1	1160000	1170000	West Siberia	6587.0	4948.0	1639.0
scaffold_1	1160000	1170000	admixed	9207.0	6361.0	2846.0
scaffold_1	1170000	1180000	Central Europe	7189.0	4168.0	3021.0
scaffold_1	1170000	1180000	East Siberia	8732.0	4186.0	4546.0
scaffold_1	1170000	1180000	Karelia	8897.0	4195.0	4702.0
scaffold_1	1170000	1180000	MIX Amur Basin	7992.0	3794.0	4198.0
scaffold_1	1170000	1180000	MIX Central Siberia	8457.0	4121.0	4336.0
scaffold_1	1170000	1180000	MIX Sibiryakov Island	8654.0	4097.0	4557.0
scaffold_1	1170000	1180000	North America	8178.0	4162.0	4016.0
scaffold_1	1170000	1180000	Northern Ural	8266.0	4096.0	4170.0
scaffold_1	1170000	1180000	Scandinavia	8259.0	4162.0	4097.0
scaffold_1	1170000	1180000	Siberia SC	8815.0	4109.0	4706.0
scaffold_1	1170000	1180000	West Siberia	7886.0	3960.0	3926.0
scaffold_1	1170000	1180000	admixed	8625.0	4114.0	4511.0
scaffold_1	1180000	1190000	Central Europe	7782.0	4903.0	2879.0
scaffold_1	1180000	1190000	East Siberia	8840.0	4944.0	3896.0
scaffold_1	1180000	1190000	Karelia	9026.0	4930.0	4096.0
scaffold_1	1180000	1190000	MIX Amur Basin	8077.0	4361.0	3716.0
scaffold_1	1180000	1190000	MIX Central Siberia	8545.0	4854.0	3691.0
scaffold_1	1180000	1190000	MIX Sibiryakov Island	8511.0	4651.0	3860.0
scaffold_1	1180000	1190000	North America	8722.0	4903.0	3819.0
scaffold_1	1180000	1190000	Northern Ural	8363.0	4818.0	3545.0
scaffold_1	1180000	1190000	Scandinavia	8644.0	4902.0	3742.0
scaffold_1	1180000	1190000	Siberia SC	8940.0	4854.0	4086.0
scaffold_1	1180000	1190000	West Siberia	8834.0	4934.0	3900.0
scaffold_1	1180000	1190000	admixed	8740.0	4854.0	3886.0
scaffold_1	1190000	1200000	Central Europe	6704.0	3520.0	3184.0
scaffold_1	1190000	1200000	East Siberia	8172.0	3554.0	4618.0
scaffold_1	1190000	1200000	Karelia	8693.0	3551.0	5142.0
scaffold_1	1190000	1200000	MIX Amur Basin	7511.0	3067.0	4444.0
scaffold_1	1190000	1200000	MIX Central Siberia	7909.0	3474.0	4435.0
scaffold_1	1190000	1200000	MIX Sibiryakov Island	8167.0	3426.0	4741.0
scaffold_1	1190000	1200000	North America	7811.0	3512.0	4299.0
scaffold_1	1190000	1200000	Northern Ural	7488.0	3438.0	4050.0
scaffold_1	1190000	1200000	Scandinavia	7592.0	3512.0	4080.0
scaffold_1	1190000	1200000	Siberia SC	8583.0	3445.0	5138.0
scaffold_1	1190000	1200000	West Siberia	8190.0	3545.0	4645.0
scaffold_1	1190000	1200000	admixed	8082.0	3470.0	4612.0
scaffold_1	1200000	1210000	Central Europe	7503.0	5441.0	2062.0
scaffold_1	1200000	1210000	East Siberia	7801.0	4732.0	3069.0
scaffold_1	1200000	1210000	Karelia	7948.0	4711.0	3237.0
scaffold_1	1200000	1210000	MIX Amur Basin	7455.0	4593.0	2862.0
scaffold_1	1200000	1210000	MIX Central Siberia	7318.0	4419.0	2899.0
scaffold_1	1200000	1210000	MIX Sibiryakov Island	6543.0	3444.0	3099.0
scaffold_1	1200000	1210000	North America	7384.0	4690.0	2694.0
scaffold_1	1200000	1210000	Northern Ural	7051.0	4400.0	2651.0
scaffold_1	1200000	1210000	Scandinavia	7986.0	5129.0	2857.0
scaffold_1	1200000	1210000	Siberia SC	9044.0	5506.0	3538.0
scaffold_1	1200000	1210000	West Siberia	7619.0	4653.0	2966.0
scaffold_1	1200000	1210000	admixed	8594.0	5460.0	3134.0
scaffold_1	1210000	1220000	Central Europe	7229.0	4492.0	2737.0
scaffold_1	1210000	1220000	East Siberia	8512.0	4512.0	4000.0
scaffold_1	1210000	1220000	Karelia	8882.0	4498.0	4384.0
scaffold_1	1210000	1220000	MIX Amur Basin	7996.0	4017.0	3979.0
scaffold_1	1210000	1220000	MIX Central Siberia	8433.0	4435.0	3998.0
scaffold_1	1210000	1220000	MIX Sibiryakov Island	8624.0	4406.0	4218.0
scaffold_1	1210000	1220000	North America	8276.0	4474.0	3802.0
scaffold_1	1210000	1220000	Northern Ural	8191.0	4425.0	3766.0
scaffold_1	1210000	1220000	Scandinavia	8418.0	4470.0	3948.0
scaffold_1	1210000	1220000	Siberia SC	8908.0	4442.0	4466.0
scaffold_1	1210000	1220000	West Siberia	8610.0	4510.0	4100.0
scaffold_1	1210000	1220000	admixed	8592.0	4454.0	4138.0
scaffold_1	1220000	1230000	Central Europe	6242.0	3412.0	2830.0
scaffold_1	1220000	1230000	East Siberia	8102.0	3405.0	4697.0
scaffold_1	1220000	1230000	Karelia	8062.0	3307.0	4755.0
scaffold_1	1220000	1230000	MIX Amur Basin	7270.0	2896.0	4374.0
scaffold_1	1220000	1230000	MIX Central Siberia	7653.0	3291.0	4362.0
scaffold_1	1220000	1230000	MIX Sibiryakov Island	7759.0	3110.0	4649.0
scaffold_1	1220000	1230000	North America	7708.0	3329.0	4379.0
scaffold_1	1220000	1230000	Northern Ural	7184.0	3179.0	4005.0
scaffold_1	1220000	1230000	Scandinavia	7955.0	3384.0	4571.0
scaffold_1	1220000	1230000	Siberia SC	8536.0	3363.0	5173.0
scaffold_1	1220000	1230000	West Siberia	7790.0	3391.0	4399.0
scaffold_1	1220000	1230000	admixed	8148.0	3349.0	4799.0
scaffold_1	1230000	1240000	Central Europe	5183.0	2397.0	2786.0
scaffold_1	1230000	1240000	East Siberia	6285.0	2080.0	4205.0
scaffold_1	1230000	1240000	Karelia	6753.0	1656.0	5097.0
scaffold_1	1230000	1240000	MIX Amur Basin	6817.0	1944.0	4873.0
scaffold_1	1230000	1240000	MIX Central Siberia	6799.0	2071.0	4728.0
scaffold_1	1230000	1240000	MIX Sibiryakov Island	6883.0	1853.0	5030.0
scaffold_1	1230000	1240000	North America	6268.0	2223.0	4045.0
scaffold_1	1230000	1240000	Northern Ural	6760.0	1992.0	4768.0
scaffold_1	1230000	1240000	Scandinavia	5959.0	2310.0	3649.0
scaffold_1	1230000	1240000	Siberia SC	8622.0	2464.0	6158.0
scaffold_1	1230000	1240000	West Siberia	6811.0	1991.0	4820.0
scaffold_1	1230000	1240000	admixed	7642.0	2410.0	5232.0
scaffold_1	1240000	1250000	Central Europe	6456.0	3871.0	2585.0
scaffold_1	1240000	1250000	East Siberia	8300.0	3915.0	4385.0
scaffold_1	1240000	1250000	Karelia	8486.0	3626.0	4860.0
scaffold_1	1240000	1250000	MIX Amur Basin	7878.0	3442.0	4436.0
scaffold_1	1240000	1250000	MIX Central Siberia	8022.0	3815.0	4207.0
scaffold_1	1240000	1250000	MIX Sibiryakov Island	8252.0	3660.0	4592.0
scaffold_1	1240000	1250000	North America	7864.0	3799.0	4065.0
scaffold_1	1240000	1250000	Northern Ural	7779.0	3789.0	3990.0
scaffold_1	1240000	1250000	Scandinavia	7927.0	3840.0	4087.0
scaffold_1	1240000	1250000	Siberia SC	8724.0	3835.0	4889.0
scaffold_1	1240000	1250000	West Siberia	8394.0	3855.0	4539.0
scaffold_1	1240000	1250000	admixed	8427.0	3834.0	4593.0
scaffold_1	1250000	1260000	Central Europe	6554.0	3886.0	2668.0
scaffold_1	1250000	1260000	East Siberia	8235.0	3917.0	4318.0
scaffold_1	1250000	1260000	Karelia	8561.0	3879.0	4682.0
scaffold_1	1250000	1260000	MIX Amur Basin	7747.0	3466.0	4281.0
scaffold_1	1250000	1260000	MIX Central Siberia	8071.0	3851.0	4220.0
scaffold_1	1250000	1260000	MIX Sibiryakov Island	8254.0	3764.0	4490.0
scaffold_1	1250000	1260000	North America	8004.0	3873.0	4131.0
scaffold_1	1250000	1260000	Northern Ural	7764.0	3786.0	3978.0
scaffold_1	1250000	1260000	Scandinavia	8172.0	3875.0	4297.0
scaffold_1	1250000	1260000	Siberia SC	8628.0	3837.0	4791.0
scaffold_1	1250000	1260000	West Siberia	8315.0	3899.0	4416.0
scaffold_1	1250000	1260000	admixed	8426.0	3844.0	4582.0
scaffold_1	1260000	1270000	Central Europe	7132.0	4964.0	2168.0
scaffold_1	1260000	1270000	East Siberia	7931.0	4769.0	3162.0
scaffold_1	1260000	1270000	Karelia	6867.0	3510.0	3357.0
scaffold_1	1260000	1270000	MIX Amur Basin	7206.0	4067.0	3139.0
scaffold_1	1260000	1270000	MIX Central Siberia	7718.0	4582.0	3136.0
scaffold_1	1260000	1270000	MIX Sibiryakov Island	7051.0	3798.0	3253.0
scaffold_1	1260000	1270000	North America	7272.0	4204.0	3068.0
scaffold_1	1260000	1270000	Northern Ural	7380.0	4592.0	2788.0
scaffold_1	1260000	1270000	Scandinavia	7379.0	4699.0	2680.0
scaffold_1	1260000	1270000	Siberia SC	8876.0	5142.0	3734.0
scaffold_1	1260000	1270000	West Siberia	7462.0	4321.0	3141.0
scaffold_1	1260000	1270000	admixed	8282.0	5101.0	3181.0
scaffold_1	1270000	1280000	Central Europe	7306.0	4440.0	2866.0
scaffold_1	1270000	1280000	East Siberia	8565.0	4437.0	4128.0
scaffold_1	1270000	1280000	Karelia	8339.0	4141.0	4198.0
scaffold_1	1270000	1280000	MIX Amur Basin	7982.0	3983.0	3999.0
scaffold_1	1270000	1280000	MIX Central Siberia	8096.0	4409.0	3687.0
scaffold_1	1270000	1280000	MIX Sibiryakov Island	8566.0	4290.0	4276.0
scaffold_1	1270000	1280000	North America	7344.0	3828.0	3516.0
scaffold_1	1270000	1280000	Northern Ural	8279.0	4340.0	3939.0
scaffold_1	1270000	1280000	Scandinavia	7845.0	4094.0	3751.0
scaffold_1	1270000	1280000	Siberia SC	8792.0	4378.0	4414.0
scaffold_1	1270000	1280000	West Siberia	8595.0	4426.0	4169.0
scaffold_1	1270000	1280000	admixed	8620.0	4362.0	4258.0
scaffold_1	1280000	1290000	Central Europe	6617.0	4034.0	2583.0
scaffold_1	1280000	1290000	East Siberia	8513.0	4080.0	4433.0
scaffold_1	1280000	1290000	Karelia	8383.0	3729.0	4654.0
scaffold_1	1280000	1290000	MIX Amur Basin	7424.0	3373.0	4051.0
scaffold_1	1280000	1290000	MIX Central Siberia	8145.0	3991.0	4154.0
scaffold_1	1280000	1290000	MIX Sibiryakov Island	7868.0	3408.0	4460.0
scaffold_1	1280000	1290000	North America	8191.0	4023.0	4168.0
scaffold_1	1280000	1290000	Northern Ural	7793.0	3877.0	3916.0
scaffold_1	1280000	1290000	Scandinavia	7964.0	3822.0	4142.0
scaffold_1	1280000	1290000	Siberia SC	8559.0	3918.0	4641.0
scaffold_1	1280000	1290000	West Siberia	8466.0	4048.0	4418.0
scaffold_1	1280000	1290000	admixed	8154.0	3666.0	4488.0
scaffold_1	1290000	1300000	Central Europe	7397.0	3889.0	3508.0
scaffold_1	1290000	1300000	East Siberia	8346.0	3928.0	4418.0
scaffold_1	1290000	1300000	Karelia	8466.0	3856.0	4610.0
scaffold_1	1290000	1300000	MIX Amur Basin	7787.0	3446.0	4341.0
scaffold_1	1290000	1300000	MIX Central Siberia	8330.0	3852.0	4478.0
scaffold_1	1290000	1300000	MIX Sibiryakov Island	7865.0	3383.0	4482.0
scaffold_1	1290000	1300000	North America	7502.0	3344.0	4158.0
scaffold_1	1290000	1300000	Northern Ural	7951.0	3783.0	4168.0
scaffold_1	1290000	1300000	Scandinavia	8224.0	3836.0	4388.0
scaffold_1	1290000	1300000	Siberia SC	8762.0	3832.0	4930.0
scaffold_1	1290000	1300000	West Siberia	8402.0	3910.0	4492.0
scaffold_1	1290000	1300000	admixed	8497.0	3828.0	4669.0
scaffold_1	1300000	1310000	Central Europe	6566.0	3467.0	3099.0
scaffold_1	1300000	1310000	East Siberia	8445.0	3500.0	4945.0
scaffold_1	1300000	1310000	Karelia	8593.0	3483.0	5110.0
scaffold_1	1300000	1310000	MIX Amur Basin	7856.0	3089.0	4767.0
scaffold_1	1300000	1310000	MIX Central Siberia	8318.0	3429.0	4889.0
scaffold_1	1300000	1310000	MIX Sibiryakov Island	8318.0	3291.0	5027.0
scaffold_1	1300000	1310000	North America	7500.0	3365.0	4135.0
scaffold_1	1300000	1310000	Northern Ural	7800.0	3389.0	4411.0
scaffold_1	1300000	1310000	Scandinavia	8019.0	3454.0	4565.0
scaffold_1	1300000	1310000	Siberia SC	8666.0	3412.0	5254.0
scaffold_1	1300000	1310000	West Siberia	8607.0	3491.0	5116.0
scaffold_1	1300000	1310000	admixed	8531.0	3425.0	5106.0
scaffold_1	1310000	1320000	Central Europe	7279.0	3885.0	3394.0
scaffold_1	1310000	1320000	East Siberia	8366.0	3935.0	4431.0
scaffold_1	1310000	1320000	Karelia	8734.0	3935.0	4799.0
scaffold_1	1310000	1320000	MIX Amur Basin	7641.0	3444.0	4197.0
scaffold_1	1310000	1320000	MIX Central Siberia	8140.0	3850.0	4290.0
scaffold_1	1310000	1320000	MIX Sibiryakov Island	8350.0	3797.0	4553.0
scaffold_1	1310000	1320000	North America	7986.0	3882.0	4104.0
scaffold_1	1310000	1320000	Northern Ural	7953.0	3805.0	4148.0
scaffold_1	1310000	1320000	Scandinavia	8278.0	3882.0	4396.0
scaffold_1	1310000	1320000	Siberia SC	8604.0	3808.0	4796.0
scaffold_1	1310000	1320000	West Siberia	8233.0	3921.0	4312.0
scaffold_1	1310000	1320000	admixed	8289.0	3843.0	4446.0
scaffold_1	1320000	1330000	Central Europe	7450.0	4131.0	3319.0
scaffold_1	1320000	1330000	East Siberia	8717.0	4186.0	4531.0
scaffold_1	1320000	1330000	Karelia	8883.0	4184.0	4699.0
scaffold_1	1320000	1330000	MIX Amur Basin	7919.0	3705.0	4214.0
scaffold_1	1320000	1330000	MIX Central Siberia	8263.0	4093.0	4170.0
scaffold_1	1320000	1330000	MIX Sibiryakov Island	8522.0	4045.0	4477.0
scaffold_1	1320000	1330000	North America	8356.0	4124.0	4232.0
scaffold_1	1320000	1330000	Northern Ural	8226.0	4056.0	4170.0
scaffold_1	1320000	1330000	Scandinavia	8537.0	4124.0	4413.0
scaffold_1	1320000	1330000	Siberia SC	8738.0	4074.0	4664.0
scaffold_1	1320000	1330000	West Siberia	8540.0	4174.0	4366.0
scaffold_1	1320000	1330000	admixed	8533.0	4086.0	4447.0
scaffold_1	1330000	1340000	Central Europe	7710.0	4601.0	3109.0
scaffold_1	1330000	1340000	East Siberia	8874.0	4640.0	4234.0
scaffold_1	1330000	1340000	Karelia	9053.0	4640.0	4413.0
scaffold_1	1330000	1340000	MIX Amur Basin	8202.0	4159.0	4043.0
scaffold_1	1330000	1340000	MIX Central Siberia	8511.0	4559.0	3952.0
scaffold_1	1330000	1340000	MIX Sibiryakov Island	8760.0	4527.0	4233.0
scaffold_1	1330000	1340000	North America	8628.0	4595.0	4033.0
scaffold_1	1330000	1340000	Northern Ural	8452.0	4538.0	3914.0
scaffold_1	1330000	1340000	Scandinavia	8708.0	4595.0	4113.0
scaffold_1	1330000	1340000	Siberia SC	8865.0	4537.0	4328.0
scaffold_1	1330000	1340000	West Siberia	8910.0	4630.0	4280.0
scaffold_1	1330000	1340000	admixed	8800.0	4556.0	4244.0
scaffold_1	1340000	1350000	Central Europe	8077.0	5278.0	2799.0
scaffold_1	1340000	1350000	East Siberia	9221.0	5309.0	3912.0
scaffold_1	1340000	1350000	Karelia	9281.0	5308.0	3973.0
scaffold_1	1340000	1350000	MIX Amur Basin	8443.0	4792.0	3651.0
scaffold_1	1340000	1350000	MIX Central Siberia	8932.0	5240.0	3692.0
scaffold_1	1340000	1350000	MIX Sibiryakov Island	9069.0	5200.0	3869.0
scaffold_1	1340000	1350000	North America	8870.0	5274.0	3596.0
scaffold_1	1340000	1350000	Northern Ural	8810.0	5215.0	3595.0
scaffold_1	1340000	1350000	Scandinavia	9072.0	5274.0	3798.0
scaffold_1	1340000	1350000	Siberia SC	9183.0	5224.0	3959.0
scaffold_1	1340000	1350000	West Siberia	9089.0	5298.0	3791.0
scaffold_1	1340000	1350000	admixed	9112.0	5238.0	3874.0
scaffold_1	1350000	1360000	Central Europe	7879.0	5268.0	2611.0
scaffold_1	1350000	1360000	East Siberia	8827.0	5291.0	3536.0
scaffold_1	1350000	1360000	Karelia	9143.0	5290.0	3853.0
scaffold_1	1350000	1360000	MIX Amur Basin	8248.0	4773.0	3475.0
scaffold_1	1350000	1360000	MIX Central Siberia	8661.0	5238.0	3423.0
scaffold_1	1350000	1360000	MIX Sibiryakov Island	8961.0	5216.0	3745.0
scaffold_1	1350000	1360000	North America	8567.0	5262.0	3305.0
scaffold_1	1350000	1360000	Northern Ural	8663.0	5218.0	3445.0
scaffold_1	1350000	1360000	Scandinavia	8771.0	5262.0	3509.0
scaffold_1	1350000	1360000	Siberia SC	9035.0	5219.0	3816.0
scaffold_1	1350000	1360000	West Siberia	8991.0	5286.0	3705.0
scaffold_1	1350000	1360000	admixed	8972.0	5230.0	3742.0
scaffold_1	1360000	1370000	Central Europe	8459.0	5724.0	2735.0
scaffold_1	1360000	1370000	East Siberia	8661.0	5536.0	3125.0
scaffold_1	1360000	1370000	Karelia	8745.0	5343.0	3402.0
scaffold_1	1360000	1370000	MIX Amur Basin	8306.0	5121.0	3185.0
scaffold_1	1360000	1370000	MIX Central Siberia	8875.0	5614.0	3261.0
scaffold_1	1360000	1370000	MIX Sibiryakov Island	8492.0	5232.0	3260.0
scaffold_1	1360000	1370000	North America	8893.0	5500.0	3393.0
scaffold_1	1360000	1370000	Northern Ural	8648.0	5583.0	3065.0
scaffold_1	1360000	1370000	Scandinavia	8916.0	5615.0	3301.0
scaffold_1	1360000	1370000	Siberia SC	9226.0	5650.0	3576.0
scaffold_1	1360000	1370000	West Siberia	8928.0	5716.0	3212.0
scaffold_1	1360000	1370000	admixed	8921.0	5606.0	3315.0
scaffold_1	1370000	1380000	Central Europe	7722.0	4504.0	3218.0
scaffold_1	1370000	1380000	East Siberia	8582.0	4350.0	4232.0
scaffold_1	1370000	1380000	Karelia	8789.0	4446.0	4343.0
scaffold_1	1370000	1380000	MIX Amur Basin	7817.0	3886.0	3931.0
scaffold_1	1370000	1380000	MIX Central Siberia	8590.0	4376.0	4214.0
scaffold_1	1370000	1380000	MIX Sibiryakov Island	8332.0	4091.0	4241.0
scaffold_1	1370000	1380000	North America	8277.0	4225.0	4052.0
scaffold_1	1370000	1380000	Northern Ural	8368.0	4394.0	3974.0
scaffold_1	1370000	1380000	Scandinavia	8638.0	4493.0	4145.0
scaffold_1	1370000	1380000	Siberia SC	8817.0	4432.0	4385.0
scaffold_1	1370000	1380000	West Siberia	8507.0	4397.0	4110.0
scaffold_1	1370000	1380000	admixed	8709.0	4441.0	4268.0
scaffold_1	1380000	1390000	Central Europe	6812.0	4040.0	2772.0
scaffold_1	1380000	1390000	East Siberia	8320.0	4079.0	4241.0
scaffold_1	1380000	1390000	Karelia	8559.0	4070.0	4489.0
scaffold_1	1380000	1390000	MIX Amur Basin	7589.0	3582.0	4007.0
scaffold_1	1380000	1390000	MIX Central Siberia	8056.0	4002.0	4054.0
scaffold_1	1380000	1390000	MIX Sibiryakov Island	8297.0	3949.0	4348.0
scaffold_1	1380000	1390000	North America	8130.0	4025.0	4105.0
scaffold_1	1380000	1390000	Northern Ural	7912.0	3950.0	3962.0
scaffold_1	1380000	1390000	Scandinavia	8254.0	4033.0	4221.0
scaffold_1	1380000	1390000	Siberia SC	8531.0	3981.0	4550.0
scaffold_1	1380000	1390000	West Siberia	8284.0	4046.0	4238.0
scaffold_1	1380000	1390000	admixed	8253.0	3981.0	4272.0
scaffold_1	1390000	1400000	Central Europe	7291.0	4745.0	2546.0
scaffold_1	1390000	1400000	East Siberia	8601.0	4778.0	3823.0
scaffold_1	1390000	1400000	Karelia	8871.0	4723.0	4148.0
scaffold_1	1390000	1400000	MIX Amur Basin	7995.0	4251.0	3744.0
scaffold_1	1390000	1400000	MIX Central Siberia	8374.0	4711.0	3663.0
scaffold_1	1390000	1400000	MIX Sibiryakov Island	8496.0	4526.0	3970.0
scaffold_1	1390000	1400000	North America	8279.0	4703.0	3576.0
scaffold_1	1390000	1400000	Northern Ural	8157.0	4635.0	3522.0
scaffold_1	1390000	1400000	Scandinavia	8463.0	4730.0	3733.0
scaffold_1	1390000	1400000	Siberia SC	8763.0	4691.0	4072.0
scaffold_1	1390000	1400000	West Siberia	8666.0	4700.0	3966.0
scaffold_1	1390000	1400000	admixed	8646.0	4679.0	3967.0
scaffold_1	1400000	1410000	Central Europe	8166.0	5140.0	3026.0
scaffold_1	1400000	1410000	East Siberia	8912.0	5170.0	3742.0
scaffold_1	1400000	1410000	Karelia	9061.0	5169.0	3892.0
scaffold_1	1400000	1410000	MIX Amur Basin	8140.0	4609.0	3531.0
scaffold_1	1400000	1410000	MIX Central Siberia	8783.0	5092.0	3691.0
scaffold_1	1400000	1410000	MIX Sibiryakov Island	8830.0	5064.0	3766.0
scaffold_1	1400000	1410000	North America	8813.0	5138.0	3675.0
scaffold_1	1400000	1410000	Northern Ural	8538.0	5067.0	3471.0
scaffold_1	1400000	1410000	Scandinavia	8829.0	5138.0	3691.0
scaffold_1	1400000	1410000	Siberia SC	8944.0	5069.0	3875.0
scaffold_1	1400000	1410000	West Siberia	8878.0	5158.0	3720.0
scaffold_1	1400000	1410000	admixed	8868.0	5086.0	3782.0
scaffold_1	1410000	1420000	Central Europe	6456.0	3574.0	2882.0
scaffold_1	1410000	1420000	East Siberia	8253.0	3616.0	4637.0
scaffold_1	1410000	1420000	Karelia	8679.0	3611.0	5068.0
scaffold_1	1410000	1420000	MIX Amur Basin	7696.0	3226.0	4470.0
scaffold_1	1410000	1420000	MIX Central Siberia	7975.0	3541.0	4434.0
scaffold_1	1410000	1420000	MIX Sibiryakov Island	8353.0	3513.0	4840.0
scaffold_1	1410000	1420000	North America	8079.0	3565.0	4514.0
scaffold_1	1410000	1420000	Northern Ural	7901.0	3513.0	4388.0
scaffold_1	1410000	1420000	Scandinavia	8226.0	3565.0	4661.0
scaffold_1	1410000	1420000	Siberia SC	8535.0	3532.0	5003.0
scaffold_1	1410000	1420000	West Siberia	8166.0	3606.0	4560.0
scaffold_1	1410000	1420000	admixed	8210.0	3536.0	4674.0
scaffold_1	1420000	1430000	Central Europe	6159.0	3125.0	3034.0
scaffold_1	1420000	1430000	East Siberia	7949.0	3186.0	4763.0
scaffold_1	1420000	1430000	Karelia	8406.0	3178.0	5228.0
scaffold_1	1420000	1430000	MIX Amur Basin	7541.0	2800.0	4741.0
scaffold_1	1420000	1430000	MIX Central Siberia	7632.0	3093.0	4539.0
scaffold_1	1420000	1430000	MIX Sibiryakov Island	8173.0	3050.0	5123.0
scaffold_1	1420000	1430000	North America	7540.0	3117.0	4423.0
scaffold_1	1420000	1430000	Northern Ural	7619.0	3058.0	4561.0
scaffold_1	1420000	1430000	Scandinavia	7711.0	3117.0	4594.0
scaffold_1	1420000	1430000	Siberia SC	8356.0	3078.0	5278.0
scaffold_1	1420000	1430000	West Siberia	8143.0	3172.0	4971.0
scaffold_1	1420000	1430000	admixed	8085.0	3087.0	4998.0
scaffold_1	1430000	1440000	Central Europe	6141.0	3354.0	2787.0
scaffold_1	1430000	1440000	East Siberia	8082.0	3401.0	4681.0
scaffold_1	1430000	1440000	Karelia	8419.0	3399.0	5020.0
scaffold_1	1430000	1440000	MIX Amur Basin	7663.0	3005.0	4658.0
scaffold_1	1430000	1440000	MIX Central Siberia	7614.0	3324.0	4290.0
scaffold_1	1430000	1440000	MIX Sibiryakov Island	8135.0	3264.0	4871.0
scaffold_1	1430000	1440000	North America	7940.0	3347.0	4593.0
scaffold_1	1430000	1440000	Northern Ural	7445.0	3289.0	4156.0
scaffold_1	1430000	1440000	Scandinavia	7711.0	3347.0	4364.0
scaffold_1	1430000	1440000	Siberia SC	8456.0	3310.0	5146.0
scaffold_1	1430000	1440000	West Siberia	8027.0	3389.0	4638.0
scaffold_1	1430000	1440000	admixed	8067.0	3320.0	4747.0
scaffold_1	1440000	1450000	Central Europe	7087.0	3945.0	3142.0
scaffold_1	1440000	1450000	East Siberia	8347.0	3981.0	4366.0
scaffold_1	1440000	1450000	Karelia	8837.0	3978.0	4859.0
scaffold_1	1440000	1450000	MIX Amur Basin	7777.0	3546.0	4231.0
scaffold_1	1440000	1450000	MIX Central Siberia	8044.0	3901.0	4143.0
scaffold_1	1440000	1450000	MIX Sibiryakov Island	8630.0	3850.0	4780.0
scaffold_1	1440000	1450000	North America	8147.0	3935.0	4212.0
scaffold_1	1440000	1450000	Northern Ural	7871.0	3866.0	4005.0
scaffold_1	1440000	1450000	Scandinavia	8143.0	3931.0	4212.0
scaffold_1	1440000	1450000	Siberia SC	8754.0	3883.0	4871.0
scaffold_1	1440000	1450000	West Siberia	8433.0	3962.0	4471.0
scaffold_1	1440000	1450000	admixed	8370.0	3895.0	4475.0
scaffold_1	1450000	1460000	Central Europe	6848.0	3902.0	2946.0
scaffold_1	1450000	1460000	East Siberia	8052.0	3972.0	4080.0
scaffold_1	1450000	1460000	Karelia	8236.0	3593.0	4643.0
scaffold_1	1450000	1460000	MIX Amur Basin	7440.0	3283.0	4157.0
scaffold_1	1450000	1460000	MIX Central Siberia	7942.0	3879.0	4063.0
scaffold_1	1450000	1460000	MIX Sibiryakov Island	7928.0	3463.0	4465.0
scaffold_1	1450000	1460000	North America	7560.0	3800.0	3760.0
scaffold_1	1450000	1460000	Northern Ural	7531.0	3567.0	3964.0
scaffold_1	1450000	1460000	Scandinavia	8098.0	3830.0	4268.0
scaffold_1	1450000	1460000	Siberia SC	8568.0	3879.0	4689.0
scaffold_1	1450000	1460000	West Siberia	8149.0	3699.0	4450.0
scaffold_1	1450000	1460000	admixed	8341.0	3888.0	4453.0
scaffold_1	1460000	1470000	Central Europe	8055.0	5738.0	2317.0
scaffold_1	1460000	1470000	East Siberia	9055.0	5773.0	3282.0
scaffold_1	1460000	1470000	Karelia	8768.0	5243.0	3525.0
scaffold_1	1460000	1470000	MIX Amur Basin	7661.0	4579.0	3082.0
scaffold_1	1460000	1470000	MIX Central Siberia	9025.0	5736.0	3289.0
scaffold_1	1460000	1470000	MIX Sibiryakov Island	7478.0	4220.0	3258.0
scaffold_1	1460000	1470000	North America	4768.0	2287.0	2481.0
scaffold_1	1460000	1470000	Northern Ural	7902.0	4818.0	3084.0
scaffold_1	1460000	1470000	Scandinavia	8692.0	5587.0	3105.0
scaffold_1	1460000	1470000	Siberia SC	9249.0	5731.0	3518.0
scaffold_1	1460000	1470000	West Siberia	8509.0	5233.0	3276.0
scaffold_1	1460000	1470000	admixed	8979.0	5655.0	3324.0
scaffold_1	1470000	1480000	Central Europe	6362.0	3451.0	2911.0
scaffold_1	1470000	1480000	East Siberia	7507.0	3469.0	4038.0
scaffold_1	1470000	1480000	Karelia	8114.0	3387.0	4727.0
scaffold_1	1470000	1480000	MIX Amur Basin	7458.0	3077.0	4381.0
scaffold_1	1470000	1480000	MIX Central Siberia	7195.0	3419.0	3776.0
scaffold_1	1470000	1480000	MIX Sibiryakov Island	7651.0	3218.0	4433.0
scaffold_1	1470000	1480000	North America	7236.0	3436.0	3800.0
scaffold_1	1470000	1480000	Northern Ural	7481.0	3315.0	4166.0
scaffold_1	1470000	1480000	Scandinavia	7750.0	3399.0	4351.0
scaffold_1	1470000	1480000	Siberia SC	8535.0	3411.0	5124.0
scaffold_1	1470000	1480000	West Siberia	8037.0	3422.0	4615.0
scaffold_1	1470000	1480000	admixed	7979.0	3377.0	4602.0
scaffold_1	1480000	1490000	Central Europe	6878.0	4442.0	2436.0
scaffold_1	1480000	1490000	East Siberia	8440.0	4636.0	3804.0
scaffold_1	1480000	1490000	Karelia	7710.0	3949.0	3761.0
scaffold_1	1480000	1490000	MIX Amur Basin	7490.0	3863.0	3627.0
scaffold_1	1480000	1490000	MIX Central Siberia	8553.0	4739.0	3814.0
scaffold_1	1480000	1490000	MIX Sibiryakov Island	7249.0	3866.0	3383.0
scaffold_1	1480000	1490000	North America	7941.0	4543.0	3398.0
scaffold_1	1480000	1490000	Northern Ural	7240.0	3982.0	3258.0
scaffold_1	1480000	1490000	Scandinavia	7941.0	4554.0	3387.0
scaffold_1	1480000	1490000	Siberia SC	8941.0	4739.0	4202.0
scaffold_1	1480000	1490000	West Siberia	7716.0	4100.0	3616.0
scaffold_1	1480000	1490000	admixed	8689.0	4735.0	3954.0
scaffold_1	1490000	1500000	Central Europe	7301.0	4556.0	2745.0
scaffold_1	1490000	1500000	East Siberia	8386.0	4635.0	3751.0
scaffold_1	1490000	1500000	Karelia	8300.0	4371.0	3929.0
scaffold_1	1490000	1500000	MIX Amur Basin	7615.0	4005.0	3610.0
scaffold_1	1490000	1500000	MIX Central Siberia	8328.0	4500.0	3828.0
scaffold_1	1490000	1500000	MIX Sibiryakov Island	7861.0	4228.0	3633.0
scaffold_1	1490000	1500000	North America	8335.0	4523.0	3812.0
scaffold_1	1490000	1500000	Northern Ural	8041.0	4341.0	3700.0
scaffold_1	1490000	1500000	Scandinavia	8475.0	4547.0	3928.0
scaffold_1	1490000	1500000	Siberia SC	8847.0	4554.0	4293.0
scaffold_1	1490000	1500000	West Siberia	8488.0	4499.0	3989.0
scaffold_1	1490000	1500000	admixed	8624.0	4556.0	4068.0
scaffold_1	1500000	1510000	Central Europe	6363.0	3768.0	2595.0
scaffold_1	1500000	1510000	East Siberia	7520.0	3890.0	3630.0
scaffold_1	1500000	1510000	Karelia	7013.0	3042.0	3971.0
scaffold_1	1500000	1510000	MIX Amur Basin	5722.0	2366.0	3356.0
scaffold_1	1500000	1510000	MIX Central Siberia	7592.0	3802.0	3790.0
scaffold_1	1500000	1510000	MIX Sibiryakov Island	8046.0	3823.0	4223.0
scaffold_1	1500000	1510000	North America	7440.0	3859.0	3581.0
scaffold_1	1500000	1510000	Northern Ural	7002.0	3509.0	3493.0
scaffold_1	1500000	1510000	Scandinavia	7385.0	3793.0	3592.0
scaffold_1	1500000	1510000	Siberia SC	8390.0	3908.0	4482.0
scaffold_1	1500000	1510000	West Siberia	6611.0	2904.0	3707.0
scaffold_1	1500000	1510000	admixed	7811.0	3891.0	3920.0
scaffold_1	1510000	1520000	Central Europe	6926.0	3989.0	2937.0
scaffold_1	1510000	1520000	East Siberia	8309.0	4039.0	4270.0
scaffold_1	1510000	1520000	Karelia	8835.0	4036.0	4799.0
scaffold_1	1510000	1520000	MIX Amur Basin	7852.0	3597.0	4255.0
scaffold_1	1510000	1520000	MIX Central Siberia	8349.0	3952.0	4397.0
scaffold_1	1510000	1520000	MIX Sibiryakov Island	8546.0	3912.0	4634.0
scaffold_1	1510000	1520000	North America	8315.0	3982.0	4333.0
scaffold_1	1510000	1520000	Northern Ural	7979.0	3921.0	4058.0
scaffold_1	1510000	1520000	Scandinavia	8369.0	3982.0	4387.0
scaffold_1	1510000	1520000	Siberia SC	8609.0	3931.0	4678.0
scaffold_1	1510000	1520000	West Siberia	8468.0	4025.0	4443.0
scaffold_1	1510000	1520000	admixed	8428.0	3947.0	4481.0
scaffold_1	1520000	1530000	Central Europe	7040.0	4412.0	2628.0
scaffold_1	1520000	1530000	East Siberia	8184.0	4434.0	3750.0
scaffold_1	1520000	1530000	Karelia	8690.0	4372.0	4318.0
scaffold_1	1520000	1530000	MIX Amur Basin	7862.0	4023.0	3839.0
scaffold_1	1520000	1530000	MIX Central Siberia	8356.0	4390.0	3966.0
scaffold_1	1520000	1530000	MIX Sibiryakov Island	8552.0	4295.0	4257.0
scaffold_1	1520000	1530000	North America	8200.0	4397.0	3803.0
scaffold_1	1520000	1530000	Northern Ural	8044.0	4332.0	3712.0
scaffold_1	1520000	1530000	Scandinavia	8286.0	4399.0	3887.0
scaffold_1	1520000	1530000	Siberia SC	8883.0	4373.0	4510.0
scaffold_1	1520000	1530000	West Siberia	8479.0	4427.0	4052.0
scaffold_1	1520000	1530000	admixed	8513.0	4382.0	4131.0
scaffold_1	1530000	1540000	Central Europe	5924.0	3279.0	2645.0
scaffold_1	1530000	1540000	East Siberia	7857.0	3310.0	4547.0
scaffold_1	1530000	1540000	Karelia	8224.0	3214.0	5010.0
scaffold_1	1530000	1540000	MIX Amur Basin	7453.0	2752.0	4701.0
scaffold_1	1530000	1540000	MIX Central Siberia	7715.0	3256.0	4459.0
scaffold_1	1530000	1540000	MIX Sibiryakov Island	8071.0	2980.0	5091.0
scaffold_1	1530000	1540000	North America	7444.0	3296.0	4148.0
scaffold_1	1530000	1540000	Northern Ural	7616.0	3164.0	4452.0
scaffold_1	1530000	1540000	Scandinavia	7676.0	3277.0	4399.0
scaffold_1	1530000	1540000	Siberia SC	8381.0	3245.0	5136.0
scaffold_1	1530000	1540000	West Siberia	7660.0	3267.0	4393.0
scaffold_1	1530000	1540000	admixed	8196.0	3254.0	4942.0
scaffold_1	1540000	1550000	Central Europe	7388.0	4282.0	3106.0
scaffold_1	1540000	1550000	East Siberia	8731.0	4333.0	4398.0
scaffold_1	1540000	1550000	Karelia	8935.0	4329.0	4606.0
scaffold_1	1540000	1550000	MIX Amur Basin	7961.0	3800.0	4161.0
scaffold_1	1540000	1550000	MIX Central Siberia	8578.0	4228.0	4350.0
scaffold_1	1540000	1550000	MIX Sibiryakov Island	8685.0	4193.0	4492.0
scaffold_1	1540000	1550000	North America	8455.0	4274.0	4181.0
scaffold_1	1540000	1550000	Northern Ural	7957.0	4203.0	3754.0
scaffold_1	1540000	1550000	Scandinavia	8666.0	4274.0	4392.0
scaffold_1	1540000	1550000	Siberia SC	8775.0	4209.0	4566.0
scaffold_1	1540000	1550000	West Siberia	8802.0	4316.0	4486.0
scaffold_1	1540000	1550000	admixed	8607.0	4225.0	4382.0
scaffold_1	1550000	1560000	Central Europe	7065.0	4331.0	2734.0
scaffold_1	1550000	1560000	East Siberia	8486.0	4340.0	4146.0
scaffold_1	1550000	1560000	Karelia	8761.0	4345.0	4416.0
scaffold_1	1550000	1560000	MIX Amur Basin	6724.0	3213.0	3511.0
scaffold_1	1550000	1560000	MIX Central Siberia	8329.0	4303.0	4026.0
scaffold_1	1550000	1560000	MIX Sibiryakov Island	8365.0	4109.0	4256.0
scaffold_1	1550000	1560000	North America	8260.0	4340.0	3920.0
scaffold_1	1550000	1560000	Northern Ural	8166.0	4277.0	3889.0
scaffold_1	1550000	1560000	Scandinavia	8233.0	4193.0	4040.0
scaffold_1	1550000	1560000	Siberia SC	8815.0	4295.0	4520.0
scaffold_1	1550000	1560000	West Siberia	8507.0	4324.0	4183.0
scaffold_1	1550000	1560000	admixed	8552.0	4299.0	4253.0
scaffold_1	1560000	1570000	Central Europe	7420.0	5032.0	2388.0
scaffold_1	1560000	1570000	East Siberia	8236.0	4952.0	3284.0
scaffold_1	1560000	1570000	Karelia	5673.0	2893.0	2780.0
scaffold_1	1560000	1570000	MIX Amur Basin	5237.0	2585.0	2652.0
scaffold_1	1560000	1570000	MIX Central Siberia	8440.0	4942.0	3498.0
scaffold_1	1560000	1570000	MIX Sibiryakov Island	6279.0	3078.0	3201.0
scaffold_1	1560000	1570000	North America	8072.0	5029.0	3043.0
scaffold_1	1560000	1570000	Northern Ural	7185.0	4073.0	3112.0
scaffold_1	1560000	1570000	Scandinavia	6863.0	3799.0	3064.0
scaffold_1	1560000	1570000	Siberia SC	8975.0	4973.0	4002.0
scaffold_1	1560000	1570000	West Siberia	6521.0	3438.0	3083.0
scaffold_1	1560000	1570000	admixed	8628.0	4916.0	3712.0
scaffold_1	1570000	1580000	Central Europe	8616.0	6457.0	2159.0
scaffold_1	1570000	1580000	East Siberia	8586.0	6461.0	2125.0
scaffold_1	1570000	1580000	Karelia	6485.0	4666.0	1819.0
scaffold_1	1570000	1580000	MIX Amur Basin	3199.0	2207.0	992.0
scaffold_1	1570000	1580000	MIX Central Siberia	8823.0	6565.0	2258.0
scaffold_1	1570000	1580000	MIX Sibiryakov Island	2304.0	1571.0	733.0
scaffold_1	1570000	1580000	North America	9117.0	6592.0	2525.0
scaffold_1	1570000	1580000	Northern Ural	8326.0	6270.0	2056.0
scaffold_1	1570000	1580000	Scandinavia	5191.0	3796.0	1395.0
scaffold_1	1570000	1580000	Siberia SC	9369.0	6574.0	2795.0
scaffold_1	1570000	1580000	West Siberia	7212.0	5256.0	1956.0
scaffold_1	1570000	1580000	admixed	8960.0	6492.0	2468.0
scaffold_1	1580000	1590000	Central Europe	7513.0	4611.0	2902.0
scaffold_1	1580000	1590000	East Siberia	8514.0	4615.0	3899.0
scaffold_1	1580000	1590000	Karelia	7885.0	4097.0	3788.0
scaffold_1	1580000	1590000	MIX Amur Basin	7644.0	3965.0	3679.0
scaffold_1	1580000	1590000	MIX Central Siberia	8298.0	4562.0	3736.0
scaffold_1	1580000	1590000	MIX Sibiryakov Island	8199.0	4168.0	4031.0
scaffold_1	1580000	1590000	North America	8225.0	4606.0	3619.0
scaffold_1	1580000	1590000	Northern Ural	8124.0	4469.0	3655.0
scaffold_1	1580000	1590000	Scandinavia	8224.0	4555.0	3669.0
scaffold_1	1580000	1590000	Siberia SC	8833.0	4550.0	4283.0
scaffold_1	1580000	1590000	West Siberia	8395.0	4504.0	3891.0
scaffold_1	1580000	1590000	admixed	8502.0	4437.0	4065.0
scaffold_1	1590000	1600000	Central Europe	3569.0	2691.0	878.0
scaffold_1	1590000	1600000	East Siberia	3232.0	2178.0	1054.0
scaffold_1	1590000	1600000	Karelia	2555.0	1423.0	1132.0
scaffold_1	1590000	1600000	MIX Amur Basin	3075.0	1873.0	1202.0
scaffold_1	1590000	1600000	MIX Central Siberia	3705.0	2528.0	1177.0
scaffold_1	1590000	1600000	MIX Sibiryakov Island	2303.0	1278.0	1025.0
scaffold_1	1590000	1600000	North America	4280.0	3091.0	1189.0
scaffold_1	1590000	1600000	Northern Ural	2920.0	1921.0	999.0
scaffold_1	1590000	1600000	Scandinavia	3143.0	1952.0	1191.0
scaffold_1	1590000	1600000	Siberia SC	3678.0	2300.0	1378.0
scaffold_1	1590000	1600000	West Siberia	3115.0	2027.0	1088.0
scaffold_1	1590000	1600000	admixed	3265.0	1973.0	1292.0
scaffold_1	1600000	1610000	Central Europe	7483.0	3745.0	3738.0
scaffold_1	1600000	1610000	East Siberia	8147.0	3781.0	4366.0
scaffold_1	1600000	1610000	Karelia	8704.0	3779.0	4925.0
scaffold_1	1600000	1610000	MIX Amur Basin	7715.0	3302.0	4413.0
scaffold_1	1600000	1610000	MIX Central Siberia	8025.0	3720.0	4305.0
scaffold_1	1600000	1610000	MIX Sibiryakov Island	8440.0	3624.0	4816.0
scaffold_1	1600000	1610000	North America	7868.0	3735.0	4133.0
scaffold_1	1600000	1610000	Northern Ural	7831.0	3673.0	4158.0
scaffold_1	1600000	1610000	Scandinavia	7973.0	3725.0	4248.0
scaffold_1	1600000	1610000	Siberia SC	8829.0	3708.0	5121.0
scaffold_1	1600000	1610000	West Siberia	8538.0	3777.0	4761.0
scaffold_1	1600000	1610000	admixed	8429.0	3711.0	4718.0
scaffold_1	1610000	1620000	Central Europe	7475.0	4424.0	3051.0
scaffold_1	1610000	1620000	East Siberia	8629.0	4454.0	4175.0
scaffold_1	1610000	1620000	Karelia	8760.0	4454.0	4306.0
scaffold_1	1610000	1620000	MIX Amur Basin	7860.0	4002.0	3858.0
scaffold_1	1610000	1620000	MIX Central Siberia	8496.0	4386.0	4110.0
scaffold_1	1610000	1620000	MIX Sibiryakov Island	8565.0	4360.0	4205.0
scaffold_1	1610000	1620000	North America	8334.0	4421.0	3913.0
scaffold_1	1610000	1620000	Northern Ural	8257.0	4362.0	3895.0
scaffold_1	1610000	1620000	Scandinavia	8387.0	4421.0	3966.0
scaffold_1	1610000	1620000	Siberia SC	8710.0	4366.0	4344.0
scaffold_1	1610000	1620000	West Siberia	8549.0	4446.0	4103.0
scaffold_1	1610000	1620000	admixed	8634.0	4376.0	4258.0
scaffold_1	1620000	1630000	Central Europe	6820.0	3724.0	3096.0
scaffold_1	1620000	1630000	East Siberia	7933.0	3783.0	4150.0
scaffold_1	1620000	1630000	Karelia	8368.0	3748.0	4620.0
scaffold_1	1620000	1630000	MIX Amur Basin	7492.0	3339.0	4153.0
scaffold_1	1620000	1630000	MIX Central Siberia	7793.0	3703.0	4090.0
scaffold_1	1620000	1630000	MIX Sibiryakov Island	8390.0	3671.0	4719.0
scaffold_1	1620000	1630000	North America	8030.0	3735.0	4295.0
scaffold_1	1620000	1630000	Northern Ural	7778.0	3669.0	4109.0
scaffold_1	1620000	1630000	Scandinavia	7966.0	3735.0	4231.0
scaffold_1	1620000	1630000	Siberia SC	8492.0	3692.0	4800.0
scaffold_1	1620000	1630000	West Siberia	8337.0	3778.0	4559.0
scaffold_1	1620000	1630000	admixed	8176.0	3697.0	4479.0
scaffold_1	1630000	1640000	Central Europe	7550.0	4147.0	3403.0
scaffold_1	1630000	1640000	East Siberia	8256.0	4191.0	4065.0
scaffold_1	1630000	1640000	Karelia	8751.0	4187.0	4564.0
scaffold_1	1630000	1640000	MIX Amur Basin	7805.0	3694.0	4111.0
scaffold_1	1630000	1640000	MIX Central Siberia	8147.0	4102.0	4045.0
scaffold_1	1630000	1640000	MIX Sibiryakov Island	8540.0	4065.0	4475.0
scaffold_1	1630000	1640000	North America	8311.0	4142.0	4169.0
scaffold_1	1630000	1640000	Northern Ural	8028.0	4068.0	3960.0
scaffold_1	1630000	1640000	Scandinavia	8406.0	4142.0	4264.0
scaffold_1	1630000	1640000	Siberia SC	8702.0	4073.0	4629.0
scaffold_1	1630000	1640000	West Siberia	8486.0	4181.0	4305.0
scaffold_1	1630000	1640000	admixed	8467.0	4090.0	4377.0
scaffold_1	1640000	1650000	Central Europe	7043.0	4154.0	2889.0
scaffold_1	1640000	1650000	East Siberia	8141.0	4185.0	3956.0
scaffold_1	1640000	1650000	Karelia	8856.0	4181.0	4675.0
scaffold_1	1640000	1650000	MIX Amur Basin	7811.0	3700.0	4111.0
scaffold_1	1640000	1650000	MIX Central Siberia	8245.0	4129.0	4116.0
scaffold_1	1640000	1650000	MIX Sibiryakov Island	8536.0	4079.0	4457.0
scaffold_1	1640000	1650000	North America	7946.0	4002.0	3944.0
scaffold_1	1640000	1650000	Northern Ural	7816.0	4080.0	3736.0
scaffold_1	1640000	1650000	Scandinavia	8183.0	4149.0	4034.0
scaffold_1	1640000	1650000	Siberia SC	8863.0	4116.0	4747.0
scaffold_1	1640000	1650000	West Siberia	8361.0	4175.0	4186.0
scaffold_1	1640000	1650000	admixed	8293.0	4124.0	4169.0
scaffold_1	1650000	1660000	Central Europe	6911.0	4281.0	2630.0
scaffold_1	1650000	1660000	East Siberia	8417.0	4342.0	4075.0
scaffold_1	1650000	1660000	Karelia	8599.0	4268.0	4331.0
scaffold_1	1650000	1660000	MIX Amur Basin	7866.0	4005.0	3861.0
scaffold_1	1650000	1660000	MIX Central Siberia	8334.0	4355.0	3979.0
scaffold_1	1650000	1660000	MIX Sibiryakov Island	7808.0	3595.0	4213.0
scaffold_1	1650000	1660000	North America	7951.0	4346.0	3605.0
scaffold_1	1650000	1660000	Northern Ural	7947.0	4042.0	3905.0
scaffold_1	1650000	1660000	Scandinavia	8283.0	4307.0	3976.0
scaffold_1	1650000	1660000	Siberia SC	8850.0	4354.0	4496.0
scaffold_1	1650000	1660000	West Siberia	8317.0	4238.0	4079.0
scaffold_1	1650000	1660000	admixed	8407.0	4191.0	4216.0
scaffold_1	1660000	1670000	Central Europe	6824.0	4012.0	2812.0
scaffold_1	1660000	1670000	East Siberia	8319.0	4042.0	4277.0
scaffold_1	1660000	1670000	Karelia	8779.0	4046.0	4733.0
scaffold_1	1660000	1670000	MIX Amur Basin	7579.0	3509.0	4070.0
scaffold_1	1660000	1670000	MIX Central Siberia	8033.0	3958.0	4075.0
scaffold_1	1660000	1670000	MIX Sibiryakov Island	8391.0	3876.0	4515.0
scaffold_1	1660000	1670000	North America	8032.0	3998.0	4034.0
scaffold_1	1660000	1670000	Northern Ural	7896.0	3898.0	3998.0
scaffold_1	1660000	1670000	Scandinavia	8292.0	3998.0	4294.0
scaffold_1	1660000	1670000	Siberia SC	8582.0	3965.0	4617.0
scaffold_1	1660000	1670000	West Siberia	8384.0	4016.0	4368.0
scaffold_1	1660000	1670000	admixed	8367.0	3933.0	4434.0
scaffold_1	1670000	1680000	Central Europe	7595.0	4591.0	3004.0
scaffold_1	1670000	1680000	East Siberia	8478.0	4638.0	3840.0
scaffold_1	1670000	1680000	Karelia	8890.0	4635.0	4255.0
scaffold_1	1670000	1680000	MIX Amur Basin	7896.0	4159.0	3737.0
scaffold_1	1670000	1680000	MIX Central Siberia	8354.0	4557.0	3797.0
scaffold_1	1670000	1680000	MIX Sibiryakov Island	8642.0	4527.0	4115.0
scaffold_1	1670000	1680000	North America	8344.0	4589.0	3755.0
scaffold_1	1670000	1680000	Northern Ural	8117.0	4532.0	3585.0
scaffold_1	1670000	1680000	Scandinavia	8528.0	4589.0	3939.0
scaffold_1	1670000	1680000	Siberia SC	8745.0	4539.0	4206.0
scaffold_1	1670000	1680000	West Siberia	8584.0	4629.0	3955.0
scaffold_1	1670000	1680000	admixed	8569.0	4553.0	4016.0
scaffold_1	1680000	1690000	Central Europe	8149.0	4764.0	3385.0
scaffold_1	1680000	1690000	East Siberia	8821.0	4820.0	4001.0
scaffold_1	1680000	1690000	Karelia	9063.0	4818.0	4245.0
scaffold_1	1680000	1690000	MIX Amur Basin	8059.0	4265.0	3794.0
scaffold_1	1680000	1690000	MIX Central Siberia	8621.0	4724.0	3897.0
scaffold_1	1680000	1690000	MIX Sibiryakov Island	8748.0	4697.0	4051.0
scaffold_1	1680000	1690000	North America	8641.0	4760.0	3881.0
scaffold_1	1680000	1690000	Northern Ural	8285.0	4698.0	3587.0
scaffold_1	1680000	1690000	Scandinavia	8846.0	4760.0	4086.0
scaffold_1	1680000	1690000	Siberia SC	8883.0	4698.0	4185.0
scaffold_1	1680000	1690000	West Siberia	8748.0	4804.0	3944.0
scaffold_1	1680000	1690000	admixed	8807.0	4721.0	4086.0
scaffold_1	1690000	1700000	Central Europe	7043.0	4018.0	3025.0
scaffold_1	1690000	1700000	East Siberia	8434.0	4069.0	4365.0
scaffold_1	1690000	1700000	Karelia	8632.0	4065.0	4567.0
scaffold_1	1690000	1700000	MIX Amur Basin	7688.0	3631.0	4057.0
scaffold_1	1690000	1700000	MIX Central Siberia	8277.0	3990.0	4287.0
scaffold_1	1690000	1700000	MIX Sibiryakov Island	8422.0	3943.0	4479.0
scaffold_1	1690000	1700000	North America	8135.0	4012.0	4123.0
scaffold_1	1690000	1700000	Northern Ural	7907.0	3962.0	3945.0
scaffold_1	1690000	1700000	Scandinavia	8303.0	4012.0	4291.0
scaffold_1	1690000	1700000	Siberia SC	8631.0	3973.0	4658.0
scaffold_1	1690000	1700000	West Siberia	8348.0	4053.0	4295.0
scaffold_1	1690000	1700000	admixed	8433.0	3987.0	4446.0
scaffold_1	1700000	1710000	Central Europe	7809.0	4992.0	2817.0
scaffold_1	1700000	1710000	East Siberia	8750.0	5026.0	3724.0
scaffold_1	1700000	1710000	Karelia	9068.0	5025.0	4043.0
scaffold_1	1700000	1710000	MIX Amur Basin	8248.0	4519.0	3729.0
scaffold_1	1700000	1710000	MIX Central Siberia	8588.0	4956.0	3632.0
scaffold_1	1700000	1710000	MIX Sibiryakov Island	8888.0	4928.0	3960.0
scaffold_1	1700000	1710000	North America	8616.0	4985.0	3631.0
scaffold_1	1700000	1710000	Northern Ural	8507.0	4935.0	3572.0
scaffold_1	1700000	1710000	Scandinavia	8786.0	4985.0	3801.0
scaffold_1	1700000	1710000	Siberia SC	9119.0	4937.0	4182.0
scaffold_1	1700000	1710000	West Siberia	8931.0	5015.0	3916.0
scaffold_1	1700000	1710000	admixed	8879.0	4953.0	3926.0
scaffold_1	1710000	1720000	Central Europe	7700.0	4786.0	2914.0
scaffold_1	1710000	1720000	East Siberia	8803.0	4814.0	3989.0
scaffold_1	1710000	1720000	Karelia	8538.0	4638.0	3900.0
scaffold_1	1710000	1720000	MIX Amur Basin	7637.0	4095.0	3542.0
scaffold_1	1710000	1720000	MIX Central Siberia	8330.0	4515.0	3815.0
scaffold_1	1710000	1720000	MIX Sibiryakov Island	8078.0	4366.0	3712.0
scaffold_1	1710000	1720000	North America	8311.0	4589.0	3722.0
scaffold_1	1710000	1720000	Northern Ural	7922.0	4421.0	3501.0
scaffold_1	1710000	1720000	Scandinavia	8487.0	4732.0	3755.0
scaffold_1	1710000	1720000	Siberia SC	8926.0	4756.0	4170.0
scaffold_1	1710000	1720000	West Siberia	8486.0	4690.0	3796.0
scaffold_1	1710000	1720000	admixed	8863.0	4757.0	4106.0
scaffold_1	1720000	1730000	Central Europe	7622.0	4547.0	3075.0
scaffold_1	1720000	1730000	East Siberia	8826.0	4596.0	4230.0
scaffold_1	1720000	1730000	Karelia	8855.0	4593.0	4262.0
scaffold_1	1720000	1730000	MIX Amur Basin	7927.0	4090.0	3837.0
scaffold_1	1720000	1730000	MIX Central Siberia	8573.0	4510.0	4063.0
scaffold_1	1720000	1730000	MIX Sibiryakov Island	8665.0	4474.0	4191.0
scaffold_1	1720000	1730000	North America	8333.0	4540.0	3793.0
scaffold_1	1720000	1730000	Northern Ural	8285.0	4478.0	3807.0
scaffold_1	1720000	1730000	Scandinavia	8508.0	4540.0	3968.0
scaffold_1	1720000	1730000	Siberia SC	8844.0	4480.0	4364.0
scaffold_1	1720000	1730000	West Siberia	8707.0	4580.0	4127.0
scaffold_1	1720000	1730000	admixed	8750.0	4505.0	4245.0
scaffold_1	1730000	1740000	Central Europe	7381.0	4652.0	2729.0
scaffold_1	1730000	1740000	East Siberia	8542.0	4687.0	3855.0
scaffold_1	1730000	1740000	Karelia	8912.0	4682.0	4230.0
scaffold_1	1730000	1740000	MIX Amur Basin	7946.0	4216.0	3730.0
scaffold_1	1730000	1740000	MIX Central Siberia	8406.0	4620.0	3786.0
scaffold_1	1730000	1740000	MIX Sibiryakov Island	8671.0	4581.0	4090.0
scaffold_1	1730000	1740000	North America	8606.0	4645.0	3961.0
scaffold_1	1730000	1740000	Northern Ural	8288.0	4597.0	3691.0
scaffold_1	1730000	1740000	Scandinavia	8480.0	4645.0	3835.0
scaffold_1	1730000	1740000	Siberia SC	8858.0	4607.0	4251.0
scaffold_1	1730000	1740000	West Siberia	8624.0	4675.0	3949.0
scaffold_1	1730000	1740000	admixed	8668.0	4616.0	4052.0
scaffold_1	1740000	1750000	Central Europe	7445.0	4565.0	2880.0
scaffold_1	1740000	1750000	East Siberia	8743.0	4600.0	4143.0
scaffold_1	1740000	1750000	Karelia	9017.0	4599.0	4418.0
scaffold_1	1740000	1750000	MIX Amur Basin	8069.0	4133.0	3936.0
scaffold_1	1740000	1750000	MIX Central Siberia	8563.0	4535.0	4028.0
scaffold_1	1740000	1750000	MIX Sibiryakov Island	8639.0	4471.0	4168.0
scaffold_1	1740000	1750000	North America	8547.0	4555.0	3992.0
scaffold_1	1740000	1750000	Northern Ural	8196.0	4492.0	3704.0
scaffold_1	1740000	1750000	Scandinavia	8400.0	4556.0	3844.0
scaffold_1	1740000	1750000	Siberia SC	8892.0	4518.0	4374.0
scaffold_1	1740000	1750000	West Siberia	8564.0	4599.0	3965.0
scaffold_1	1740000	1750000	admixed	8632.0	4528.0	4104.0
scaffold_1	1750000	1760000	Central Europe	7683.0	4624.0	3059.0
scaffold_1	1750000	1760000	East Siberia	8858.0	4670.0	4188.0
scaffold_1	1750000	1760000	Karelia	9085.0	4664.0	4421.0
scaffold_1	1750000	1760000	MIX Amur Basin	8150.0	4173.0	3977.0
scaffold_1	1750000	1760000	MIX Central Siberia	8699.0	4602.0	4097.0
scaffold_1	1750000	1760000	MIX Sibiryakov Island	8820.0	4566.0	4254.0
scaffold_1	1750000	1760000	North America	8557.0	4619.0	3938.0
scaffold_1	1750000	1760000	Northern Ural	8396.0	4571.0	3825.0
scaffold_1	1750000	1760000	Scandinavia	8389.0	4619.0	3770.0
scaffold_1	1750000	1760000	Siberia SC	8941.0	4578.0	4363.0
scaffold_1	1750000	1760000	West Siberia	8770.0	4656.0	4114.0
scaffold_1	1750000	1760000	admixed	8924.0	4598.0	4326.0
scaffold_1	1760000	1770000	Central Europe	7488.0	4134.0	3354.0
scaffold_1	1760000	1770000	East Siberia	8872.0	4178.0	4694.0
scaffold_1	1760000	1770000	Karelia	8904.0	4176.0	4728.0
scaffold_1	1760000	1770000	MIX Amur Basin	7995.0	3715.0	4280.0
scaffold_1	1760000	1770000	MIX Central Siberia	8546.0	4089.0	4457.0
scaffold_1	1760000	1770000	MIX Sibiryakov Island	8699.0	4059.0	4640.0
scaffold_1	1760000	1770000	North America	8550.0	4130.0	4420.0
scaffold_1	1760000	1770000	Northern Ural	8282.0	4060.0	4222.0
scaffold_1	1760000	1770000	Scandinavia	8436.0	4130.0	4306.0
scaffold_1	1760000	1770000	Siberia SC	8879.0	4067.0	4812.0
scaffold_1	1760000	1770000	West Siberia	8644.0	4162.0	4482.0
scaffold_1	1760000	1770000	admixed	8696.0	4084.0	4612.0
scaffold_1	1770000	1780000	Central Europe	6283.0	3454.0	2829.0
scaffold_1	1770000	1780000	East Siberia	8100.0	3478.0	4622.0
scaffold_1	1770000	1780000	Karelia	8593.0	3475.0	5118.0
scaffold_1	1770000	1780000	MIX Amur Basin	7557.0	3053.0	4504.0
scaffold_1	1770000	1780000	MIX Central Siberia	8007.0	3429.0	4578.0
scaffold_1	1770000	1780000	MIX Sibiryakov Island	8376.0	3404.0	4972.0
scaffold_1	1770000	1780000	North America	7823.0	3447.0	4376.0
scaffold_1	1770000	1780000	Northern Ural	7742.0	3408.0	4334.0
scaffold_1	1770000	1780000	Scandinavia	7908.0	3447.0	4461.0
scaffold_1	1770000	1780000	Siberia SC	8529.0	3413.0	5116.0
scaffold_1	1770000	1780000	West Siberia	8339.0	3470.0	4869.0
scaffold_1	1770000	1780000	admixed	8310.0	3425.0	4885.0
scaffold_1	1780000	1790000	Central Europe	5543.0	2415.0	3128.0
scaffold_1	1780000	1790000	East Siberia	7732.0	2449.0	5283.0
scaffold_1	1780000	1790000	Karelia	8086.0	2444.0	5642.0
scaffold_1	1780000	1790000	MIX Amur Basin	7140.0	2137.0	5003.0
scaffold_1	1780000	1790000	MIX Central Siberia	7567.0	2384.0	5183.0
scaffold_1	1780000	1790000	MIX Sibiryakov Island	7970.0	2349.0	5621.0
scaffold_1	1780000	1790000	North America	7253.0	2408.0	4845.0
scaffold_1	1780000	1790000	Northern Ural	7116.0	2349.0	4767.0
scaffold_1	1780000	1790000	Scandinavia	7313.0	2406.0	4907.0
scaffold_1	1780000	1790000	Siberia SC	8131.0	2370.0	5761.0
scaffold_1	1780000	1790000	West Siberia	7796.0	2444.0	5352.0
scaffold_1	1780000	1790000	admixed	7637.0	2374.0	5263.0
scaffold_1	1790000	1800000	Central Europe	6019.0	2784.0	3235.0
scaffold_1	1790000	1800000	East Siberia	7669.0	2825.0	4844.0
scaffold_1	1790000	1800000	Karelia	8288.0	2757.0	5531.0
scaffold_1	1790000	1800000	MIX Amur Basin	7627.0	2504.0	5123.0
scaffold_1	1790000	1800000	MIX Central Siberia	7492.0	2739.0	4753.0
scaffold_1	1790000	1800000	MIX Sibiryakov Island	8047.0	2700.0	5347.0
scaffold_1	1790000	1800000	North America	7569.0	2774.0	4795.0
scaffold_1	1790000	1800000	Northern Ural	7047.0	2722.0	4325.0
scaffold_1	1790000	1800000	Scandinavia	7826.0	2774.0	5052.0
scaffold_1	1790000	1800000	Siberia SC	8278.0	2732.0	5546.0
scaffold_1	1790000	1800000	West Siberia	7929.0	2806.0	5123.0
scaffold_1	1790000	1800000	admixed	7861.0	2736.0	5125.0
scaffold_1	1800000	1810000	Central Europe	6424.0	3431.0	2993.0
scaffold_1	1800000	1810000	East Siberia	7691.0	3470.0	4221.0
scaffold_1	1800000	1810000	Karelia	8409.0	3463.0	4946.0
scaffold_1	1800000	1810000	MIX Amur Basin	7567.0	3099.0	4468.0
scaffold_1	1800000	1810000	MIX Central Siberia	7552.0	3404.0	4148.0
scaffold_1	1800000	1810000	MIX Sibiryakov Island	8172.0	3347.0	4825.0
scaffold_1	1800000	1810000	North America	7682.0	3413.0	4269.0
scaffold_1	1800000	1810000	Northern Ural	7224.0	3370.0	3854.0
scaffold_1	1800000	1810000	Scandinavia	7510.0	3424.0	4086.0
scaffold_1	1800000	1810000	Siberia SC	8501.0	3394.0	5107.0
scaffold_1	1800000	1810000	West Siberia	7876.0	3458.0	4418.0
scaffold_1	1800000	1810000	admixed	8011.0	3397.0	4614.0
scaffold_1	1810000	1820000	Central Europe	6307.0	3315.0	2992.0
scaffold_1	1810000	1820000	East Siberia	7716.0	3360.0	4356.0
scaffold_1	1810000	1820000	Karelia	8465.0	3361.0	5104.0
scaffold_1	1810000	1820000	MIX Amur Basin	7853.0	2995.0	4858.0
scaffold_1	1810000	1820000	MIX Central Siberia	7486.0	3284.0	4202.0
scaffold_1	1810000	1820000	MIX Sibiryakov Island	8219.0	3238.0	4981.0
scaffold_1	1810000	1820000	North America	7899.0	3266.0	4633.0
scaffold_1	1810000	1820000	Northern Ural	7369.0	3261.0	4108.0
scaffold_1	1810000	1820000	Scandinavia	7848.0	3304.0	4544.0
scaffold_1	1810000	1820000	Siberia SC	8630.0	3264.0	5366.0
scaffold_1	1810000	1820000	West Siberia	8133.0	3356.0	4777.0
scaffold_1	1810000	1820000	admixed	8171.0	3279.0	4892.0
scaffold_1	1820000	1830000	Central Europe	7484.0	4330.0	3154.0
scaffold_1	1820000	1830000	East Siberia	8218.0	4361.0	3857.0
scaffold_1	1820000	1830000	Karelia	6684.0	2923.0	3761.0
scaffold_1	1820000	1830000	MIX Amur Basin	8180.0	3884.0	4296.0
scaffold_1	1820000	1830000	MIX Central Siberia	8207.0	4254.0	3953.0
scaffold_1	1820000	1830000	MIX Sibiryakov Island	8678.0	4152.0	4526.0
scaffold_1	1820000	1830000	North America	8010.0	4328.0	3682.0
scaffold_1	1820000	1830000	Northern Ural	7875.0	4261.0	3614.0
scaffold_1	1820000	1830000	Scandinavia	8354.0	4325.0	4029.0
scaffold_1	1820000	1830000	Siberia SC	8866.0	4294.0	4572.0
scaffold_1	1820000	1830000	West Siberia	8547.0	4352.0	4195.0
scaffold_1	1820000	1830000	admixed	8593.0	4295.0	4298.0
scaffold_1	1830000	1840000	Central Europe	6867.0	4722.0	2145.0
scaffold_1	1830000	1840000	East Siberia	7596.0	4823.0	2773.0
scaffold_1	1830000	1840000	Karelia	6712.0	3597.0	3115.0
scaffold_1	1830000	1840000	MIX Amur Basin	6646.0	3938.0	2708.0
scaffold_1	1830000	1840000	MIX Central Siberia	7031.0	4130.0	2901.0
scaffold_1	1830000	1840000	MIX Sibiryakov Island	6222.0	3068.0	3154.0
scaffold_1	1830000	1840000	North America	7463.0	4797.0	2666.0
scaffold_1	1830000	1840000	Northern Ural	6743.0	4113.0	2630.0
scaffold_1	1830000	1840000	Scandinavia	6899.0	4204.0	2695.0
scaffold_1	1830000	1840000	Siberia SC	8577.0	5237.0	3340.0
scaffold_1	1830000	1840000	West Siberia	7000.0	4106.0	2894.0
scaffold_1	1830000	1840000	admixed	7467.0	4402.0	3065.0
scaffold_1	1840000	1850000	Central Europe	7955.0	4989.0	2966.0
scaffold_1	1840000	1850000	East Siberia	8908.0	5059.0	3849.0
scaffold_1	1840000	1850000	Karelia	8518.0	4455.0	4063.0
scaffold_1	1840000	1850000	MIX Amur Basin	8081.0	4468.0	3613.0
scaffold_1	1840000	1850000	MIX Central Siberia	8483.0	4814.0	3669.0
scaffold_1	1840000	1850000	MIX Sibiryakov Island	8304.0	4359.0	3945.0
scaffold_1	1840000	1850000	North America	8394.0	4811.0	3583.0
scaffold_1	1840000	1850000	Northern Ural	8150.0	4626.0	3524.0
scaffold_1	1840000	1850000	Scandinavia	8629.0	4811.0	3818.0
scaffold_1	1840000	1850000	Siberia SC	9049.0	4983.0	4066.0
scaffold_1	1840000	1850000	West Siberia	8701.0	4810.0	3891.0
scaffold_1	1840000	1850000	admixed	8724.0	4978.0	3746.0
scaffold_1	1850000	1860000	Central Europe	6796.0	4305.0	2491.0
scaffold_1	1850000	1860000	East Siberia	8459.0	4436.0	4023.0
scaffold_1	1850000	1860000	Karelia	8486.0	4008.0	4478.0
scaffold_1	1850000	1860000	MIX Amur Basin	7027.0	3054.0	3973.0
scaffold_1	1850000	1860000	MIX Central Siberia	7497.0	3583.0	3914.0
scaffold_1	1850000	1860000	MIX Sibiryakov Island	7812.0	3506.0	4306.0
scaffold_1	1850000	1860000	North America	8079.0	4303.0	3776.0
scaffold_1	1850000	1860000	Northern Ural	7535.0	3878.0	3657.0
scaffold_1	1850000	1860000	Scandinavia	8078.0	4198.0	3880.0
scaffold_1	1850000	1860000	Siberia SC	8848.0	4369.0	4479.0
scaffold_1	1850000	1860000	West Siberia	7962.0	3997.0	3965.0
scaffold_1	1850000	1860000	admixed	8510.0	4260.0	4250.0
scaffold_1	1860000	1870000	Central Europe	7342.0	4436.0	2906.0
scaffold_1	1860000	1870000	East Siberia	8455.0	4485.0	3970.0
scaffold_1	1860000	1870000	Karelia	8824.0	4482.0	4342.0
scaffold_1	1860000	1870000	MIX Amur Basin	7983.0	3978.0	4005.0
scaffold_1	1860000	1870000	MIX Central Siberia	8213.0	4409.0	3804.0
scaffold_1	1860000	1870000	MIX Sibiryakov Island	8606.0	4379.0	4227.0
scaffold_1	1860000	1870000	North America	8436.0	4429.0	4007.0
scaffold_1	1860000	1870000	Northern Ural	8102.0	4383.0	3719.0
scaffold_1	1860000	1870000	Scandinavia	8430.0	4429.0	4001.0
scaffold_1	1860000	1870000	Siberia SC	8726.0	4385.0	4341.0
scaffold_1	1860000	1870000	West Siberia	8587.0	4471.0	4116.0
scaffold_1	1860000	1870000	admixed	8600.0	4404.0	4196.0
scaffold_1	1870000	1880000	Central Europe	6581.0	3563.0	3018.0
scaffold_1	1870000	1880000	East Siberia	8004.0	3597.0	4407.0
scaffold_1	1870000	1880000	Karelia	8307.0	3577.0	4730.0
scaffold_1	1870000	1880000	MIX Amur Basin	7430.0	3161.0	4269.0
scaffold_1	1870000	1880000	MIX Central Siberia	7707.0	3497.0	4210.0
scaffold_1	1870000	1880000	MIX Sibiryakov Island	8056.0	3463.0	4593.0
scaffold_1	1870000	1880000	North America	8003.0	3541.0	4462.0
scaffold_1	1870000	1880000	Northern Ural	7447.0	3467.0	3980.0
scaffold_1	1870000	1880000	Scandinavia	7984.0	3550.0	4434.0
scaffold_1	1870000	1880000	Siberia SC	8414.0	3496.0	4918.0
scaffold_1	1870000	1880000	West Siberia	8119.0	3576.0	4543.0
scaffold_1	1870000	1880000	admixed	8146.0	3513.0	4633.0
scaffold_1	1880000	1890000	Central Europe	7799.0	5126.0	2673.0
scaffold_1	1880000	1890000	East Siberia	8534.0	5164.0	3370.0
scaffold_1	1880000	1890000	Karelia	8811.0	5067.0	3744.0
scaffold_1	1880000	1890000	MIX Amur Basin	7687.0	4443.0	3244.0
scaffold_1	1880000	1890000	MIX Central Siberia	8322.0	5085.0	3237.0
scaffold_1	1880000	1890000	MIX Sibiryakov Island	8393.0	4924.0	3469.0
scaffold_1	1880000	1890000	North America	8379.0	5017.0	3362.0
scaffold_1	1880000	1890000	Northern Ural	8237.0	5049.0	3188.0
scaffold_1	1880000	1890000	Scandinavia	8536.0	5121.0	3415.0
scaffold_1	1880000	1890000	Siberia SC	8949.0	5087.0	3862.0
scaffold_1	1880000	1890000	West Siberia	8533.0	5125.0	3408.0
scaffold_1	1880000	1890000	admixed	8653.0	5084.0	3569.0
scaffold_1	1890000	1900000	Central Europe	6578.0	4002.0	2576.0
scaffold_1	1890000	1900000	East Siberia	7407.0	4133.0	3274.0
scaffold_1	1890000	1900000	Karelia	8437.0	3951.0	4486.0
scaffold_1	1890000	1900000	MIX Amur Basin	7253.0	3361.0	3892.0
scaffold_1	1890000	1900000	MIX Central Siberia	7420.0	3836.0	3584.0
scaffold_1	1890000	1900000	MIX Sibiryakov Island	7788.0	3655.0	4133.0
scaffold_1	1890000	1900000	North America	7428.0	3667.0	3761.0
scaffold_1	1890000	1900000	Northern Ural	7159.0	3839.0	3320.0
scaffold_1	1890000	1900000	Scandinavia	7449.0	3995.0	3454.0
scaffold_1	1890000	1900000	Siberia SC	8689.0	4057.0	4632.0
scaffold_1	1890000	1900000	West Siberia	7499.0	3804.0	3695.0
scaffold_1	1890000	1900000	admixed	8022.0	4044.0	3978.0
scaffold_1	1900000	1910000	Central Europe	7164.0	5062.0	2102.0
scaffold_1	1900000	1910000	East Siberia	7789.0	4798.0	2991.0
scaffold_1	1900000	1910000	Karelia	5474.0	2990.0	2484.0
scaffold_1	1900000	1910000	MIX Amur Basin	7015.0	3701.0	3314.0
scaffold_1	1900000	1910000	MIX Central Siberia	7795.0	4909.0	2886.0
scaffold_1	1900000	1910000	MIX Sibiryakov Island	5043.0	2762.0	2281.0
scaffold_1	1900000	1910000	North America	7034.0	4168.0	2866.0
scaffold_1	1900000	1910000	Northern Ural	7246.0	4301.0	2945.0
scaffold_1	1900000	1910000	Scandinavia	7474.0	4324.0	3150.0
scaffold_1	1900000	1910000	Siberia SC	7979.0	4356.0	3623.0
scaffold_1	1900000	1910000	West Siberia	8197.0	4971.0	3226.0
scaffold_1	1900000	1910000	admixed	7682.0	4458.0	3224.0
scaffold_1	1910000	1920000	Central Europe	7066.0	4350.0	2716.0
scaffold_1	1910000	1920000	East Siberia	8415.0	4380.0	4035.0
scaffold_1	1910000	1920000	Karelia	7413.0	3672.0	3741.0
scaffold_1	1910000	1920000	MIX Amur Basin	7588.0	3686.0	3902.0
scaffold_1	1910000	1920000	MIX Central Siberia	7908.0	4012.0	3896.0
scaffold_1	1910000	1920000	MIX Sibiryakov Island	6845.0	3340.0	3505.0
scaffold_1	1910000	1920000	North America	8189.0	4326.0	3863.0
scaffold_1	1910000	1920000	Northern Ural	7717.0	4143.0	3574.0
scaffold_1	1910000	1920000	Scandinavia	8163.0	4339.0	3824.0
scaffold_1	1910000	1920000	Siberia SC	8707.0	4309.0	4398.0
scaffold_1	1910000	1920000	West Siberia	7777.0	4029.0	3748.0
scaffold_1	1910000	1920000	admixed	8505.0	4301.0	4204.0
scaffold_1	1920000	1930000	Central Europe	6789.0	4048.0	2741.0
scaffold_1	1920000	1930000	East Siberia	8237.0	4088.0	4149.0
scaffold_1	1920000	1930000	Karelia	8736.0	3979.0	4757.0
scaffold_1	1920000	1930000	MIX Amur Basin	7819.0	3553.0	4266.0
scaffold_1	1920000	1930000	MIX Central Siberia	8137.0	3980.0	4157.0
scaffold_1	1920000	1930000	MIX Sibiryakov Island	8440.0	3867.0	4573.0
scaffold_1	1920000	1930000	North America	8155.0	4025.0	4130.0
scaffold_1	1920000	1930000	Northern Ural	7969.0	3942.0	4027.0
scaffold_1	1920000	1930000	Scandinavia	8155.0	4032.0	4123.0
scaffold_1	1920000	1930000	Siberia SC	8719.0	4008.0	4711.0
scaffold_1	1920000	1930000	West Siberia	8504.0	4068.0	4436.0
scaffold_1	1920000	1930000	admixed	8403.0	4013.0	4390.0
scaffold_1	1930000	1940000	Central Europe	6668.0	3997.0	2671.0
scaffold_1	1930000	1940000	East Siberia	8022.0	4049.0	3973.0
scaffold_1	1930000	1940000	Karelia	8559.0	4049.0	4510.0
scaffold_1	1930000	1940000	MIX Amur Basin	7558.0	3531.0	4027.0
scaffold_1	1930000	1940000	MIX Central Siberia	7892.0	3970.0	3922.0
scaffold_1	1930000	1940000	MIX Sibiryakov Island	8144.0	3865.0	4279.0
scaffold_1	1930000	1940000	North America	7986.0	3988.0	3998.0
scaffold_1	1930000	1940000	Northern Ural	7644.0	3942.0	3702.0
scaffold_1	1930000	1940000	Scandinavia	7962.0	3988.0	3974.0
scaffold_1	1930000	1940000	Siberia SC	8624.0	3954.0	4670.0
scaffold_1	1930000	1940000	West Siberia	8060.0	4040.0	4020.0
scaffold_1	1930000	1940000	admixed	8146.0	3969.0	4177.0
scaffold_1	1940000	1950000	Central Europe	6458.0	3309.0	3149.0
scaffold_1	1940000	1950000	East Siberia	7492.0	3322.0	4170.0
scaffold_1	1940000	1950000	Karelia	8598.0	3317.0	5281.0
scaffold_1	1940000	1950000	MIX Amur Basin	7522.0	2898.0	4624.0
scaffold_1	1940000	1950000	MIX Central Siberia	7314.0	3264.0	4050.0
scaffold_1	1940000	1950000	MIX Sibiryakov Island	8048.0	3087.0	4961.0
scaffold_1	1940000	1950000	North America	7944.0	3301.0	4643.0
scaffold_1	1940000	1950000	Northern Ural	7302.0	3220.0	4082.0
scaffold_1	1940000	1950000	Scandinavia	7720.0	3299.0	4421.0
scaffold_1	1940000	1950000	Siberia SC	8492.0	3233.0	5259.0
scaffold_1	1940000	1950000	West Siberia	7901.0	3306.0	4595.0
scaffold_1	1940000	1950000	admixed	7841.0	3231.0	4610.0
scaffold_1	1950000	1960000	Central Europe	5847.0	2630.0	3217.0
scaffold_1	1950000	1960000	East Siberia	6966.0	2671.0	4295.0
scaffold_1	1950000	1960000	Karelia	7789.0	2653.0	5136.0
scaffold_1	1950000	1960000	MIX Amur Basin	6638.0	2309.0	4329.0
scaffold_1	1950000	1960000	MIX Central Siberia	6570.0	2574.0	3996.0
scaffold_1	1950000	1960000	MIX Sibiryakov Island	7461.0	2520.0	4941.0
scaffold_1	1950000	1960000	North America	7315.0	2610.0	4705.0
scaffold_1	1950000	1960000	Northern Ural	6455.0	2525.0	3930.0
scaffold_1	1950000	1960000	Scandinavia	7145.0	2609.0	4536.0
scaffold_1	1950000	1960000	Siberia SC	7949.0	2563.0	5386.0
scaffold_1	1950000	1960000	West Siberia	7036.0	2647.0	4389.0
scaffold_1	1950000	1960000	admixed	7230.0	2575.0	4655.0
scaffold_1	1960000	1970000	Central Europe	6718.0	3668.0	3050.0
scaffold_1	1960000	1970000	East Siberia	8208.0	3706.0	4502.0
scaffold_1	1960000	1970000	Karelia	8529.0	3633.0	4896.0
scaffold_1	1960000	1970000	MIX Amur Basin	7449.0	3277.0	4172.0
scaffold_1	1960000	1970000	MIX Central Siberia	8173.0	3628.0	4545.0
scaffold_1	1960000	1970000	MIX Sibiryakov Island	8061.0	3535.0	4526.0
scaffold_1	1960000	1970000	North America	8107.0	3658.0	4449.0
scaffold_1	1960000	1970000	Northern Ural	7767.0	3560.0	4207.0
scaffold_1	1960000	1970000	Scandinavia	7958.0	3661.0	4297.0
scaffold_1	1960000	1970000	Siberia SC	8604.0	3616.0	4988.0
scaffold_1	1960000	1970000	West Siberia	7983.0	3614.0	4369.0
scaffold_1	1960000	1970000	admixed	8408.0	3612.0	4796.0
scaffold_1	1970000	1980000	Central Europe	7746.0	4361.0	3385.0
scaffold_1	1970000	1980000	East Siberia	8434.0	4392.0	4042.0
scaffold_1	1970000	1980000	Karelia	8944.0	4354.0	4590.0
scaffold_1	1970000	1980000	MIX Amur Basin	8089.0	3901.0	4188.0
scaffold_1	1970000	1980000	MIX Central Siberia	8514.0	4281.0	4233.0
scaffold_1	1970000	1980000	MIX Sibiryakov Island	8686.0	4211.0	4475.0
scaffold_1	1970000	1980000	North America	8249.0	4355.0	3894.0
scaffold_1	1970000	1980000	Northern Ural	8189.0	4269.0	3920.0
scaffold_1	1970000	1980000	Scandinavia	8654.0	4355.0	4299.0
scaffold_1	1970000	1980000	Siberia SC	8917.0	4300.0	4617.0
scaffold_1	1970000	1980000	West Siberia	8680.0	4367.0	4313.0
scaffold_1	1970000	1980000	admixed	8751.0	4301.0	4450.0
scaffold_1	1980000	1990000	Central Europe	7423.0	4115.0	3308.0
scaffold_1	1980000	1990000	East Siberia	8352.0	4188.0	4164.0
scaffold_1	1980000	1990000	Karelia	8475.0	3940.0	4535.0
scaffold_1	1980000	1990000	MIX Amur Basin	7646.0	3632.0	4014.0
scaffold_1	1980000	1990000	MIX Central Siberia	8292.0	4108.0	4184.0
scaffold_1	1980000	1990000	MIX Sibiryakov Island	8157.0	3743.0	4414.0
scaffold_1	1980000	1990000	North America	7970.0	4092.0	3878.0
scaffold_1	1980000	1990000	Northern Ural	7979.0	4026.0	3953.0
scaffold_1	1980000	1990000	Scandinavia	8292.0	4000.0	4292.0
scaffold_1	1980000	1990000	Siberia SC	8812.0	4106.0	4706.0
scaffold_1	1980000	1990000	West Siberia	8026.0	3938.0	4088.0
scaffold_1	1980000	1990000	admixed	8399.0	4068.0	4331.0
scaffold_1	1990000	2000000	Central Europe	7027.0	3995.0	3032.0
scaffold_1	1990000	2000000	East Siberia	7794.0	4008.0	3786.0
scaffold_1	1990000	2000000	Karelia	7445.0	3436.0	4009.0
scaffold_1	1990000	2000000	MIX Amur Basin	7336.0	3397.0	3939.0
scaffold_1	1990000	2000000	MIX Central Siberia	7820.0	3955.0	3865.0
scaffold_1	1990000	2000000	MIX Sibiryakov Island	7138.0	3228.0	3910.0
scaffold_1	1990000	2000000	North America	7282.0	3559.0	3723.0
scaffold_1	1990000	2000000	Northern Ural	7504.0	3868.0	3636.0
scaffold_1	1990000	2000000	Scandinavia	7242.0	3546.0	3696.0
scaffold_1	1990000	2000000	Siberia SC	8581.0	3959.0	4622.0
scaffold_1	1990000	2000000	West Siberia	8054.0	3993.0	4061.0
scaffold_1	1990000	2000000	admixed	8171.0	3956.0	4215.0
