chromosome	window_pos_1	window_pos_2	group	piawka_pi	pixy_pi
scaffold_1	1000000	1010000	Central Europe	0.0119945	0.0049012562186731
scaffold_1	1000000	1010000	East Siberia	0.0128019	0.005154141348238
scaffold_1	1000000	1010000	Karelia	0.00640579	0.0039129247342886
scaffold_1	1000000	1010000	MIX Amur Basin	0.0183056	0.0090698979636479
scaffold_1	1000000	1010000	MIX Central Siberia	0.011766	0.0032524470018445
scaffold_1	1000000	1010000	MIX Sibiryakov Island	0.00435463	0.0027354716631873
scaffold_1	1000000	1010000	North America	0.00820328	0.0044869823672277
scaffold_1	1000000	1010000	Northern Ural	0.0108785	0.0037954417159372
scaffold_1	1000000	1010000	Scandinavia	0.00558009	0.0038213832245567
scaffold_1	1000000	1010000	Siberia SC	0.000870991	0.0001102489912217
scaffold_1	1000000	1010000	West Siberia	0.00347355	0.0025441339052996
scaffold_1	1000000	1010000	admixed	0.0106024	0.0053999695949971
scaffold_1	1010000	1020000	Central Europe	0.0127622	0.0028738771835494
scaffold_1	1010000	1020000	East Siberia	0.0109087	0.0054766762505506
scaffold_1	1010000	1020000	Karelia	0.00201967	0.0007136539032773
scaffold_1	1010000	1020000	MIX Amur Basin	0.0171479	0.0074003979230358
scaffold_1	1010000	1020000	MIX Central Siberia	0.0118161	0.0029826502875783
scaffold_1	1010000	1020000	MIX Sibiryakov Island	0.00520448	0.0022525244387152
scaffold_1	1010000	1020000	North America	0.00288695	0.001067229116113
scaffold_1	1010000	1020000	Northern Ural	0.0090114	0.0022954698744609
scaffold_1	1010000	1020000	Scandinavia	0.00667589	0.0026971294961153
scaffold_1	1010000	1020000	Siberia SC	0.000665356	0.0001144426642252
scaffold_1	1010000	1020000	West Siberia	0.00936142	0.0047839148826924
scaffold_1	1010000	1020000	admixed	0.0107825	0.004982203409452
scaffold_1	1020000	1030000	Central Europe	0.0129255	0.0055338734673539
scaffold_1	1020000	1030000	East Siberia	0.00480858	0.002603785462154
scaffold_1	1020000	1030000	Karelia	0.00298439	0.0019713206698657
scaffold_1	1020000	1030000	MIX Amur Basin	0.00447538	0.0022210912563773
scaffold_1	1020000	1030000	MIX Central Siberia	0.007328	0.0017177247777218
scaffold_1	1020000	1030000	MIX Sibiryakov Island	0.0038177	0.0025640448426455
scaffold_1	1020000	1030000	North America	0.00653928	0.0039868505612226
scaffold_1	1020000	1030000	Northern Ural	0.00666981	0.0018857168195418
scaffold_1	1020000	1030000	Scandinavia	0.00619114	0.0036271268806243
scaffold_1	1020000	1030000	Siberia SC	0.00028364	0.0001251622394096
scaffold_1	1020000	1030000	West Siberia	0.00362779	0.0023919357445488
scaffold_1	1020000	1030000	admixed	0.00550801	0.0033059870486813
scaffold_1	1030000	1040000	Central Europe	0.0128017	0.0041951279910916
scaffold_1	1030000	1040000	East Siberia	0.00593393	0.0028426337913035
scaffold_1	1030000	1040000	Karelia	0.00799058	0.0038619798518575
scaffold_1	1030000	1040000	MIX Amur Basin	0.00158976	0.0012350539336501
scaffold_1	1030000	1040000	MIX Central Siberia	0.00602522	0.0025179975811209
scaffold_1	1030000	1040000	MIX Sibiryakov Island	0.00446307	0.0026021407962501
scaffold_1	1030000	1040000	North America	0.00622119	0.003021042795716
scaffold_1	1030000	1040000	Northern Ural	0.00733894	0.0020467978634822
scaffold_1	1030000	1040000	Scandinavia	0.0075262	0.0032174435269873
scaffold_1	1030000	1040000	Siberia SC	0.000302668	5.600002986668259e-05
scaffold_1	1030000	1040000	West Siberia	0.00470871	0.0032789234403726
scaffold_1	1030000	1040000	admixed	0.00673149	0.0035583463617896
scaffold_1	1040000	1050000	Central Europe	0.00805445	0.0024368285171345
scaffold_1	1040000	1050000	East Siberia	0.0028589	0.0015430204438219
scaffold_1	1040000	1050000	Karelia	0.00380267	0.0018689198377737
scaffold_1	1040000	1050000	MIX Amur Basin	0.00163479	0.0008601874276617
scaffold_1	1040000	1050000	MIX Central Siberia	0.0037256	0.0010699867566392
scaffold_1	1040000	1050000	MIX Sibiryakov Island	0.00265866	0.0010407561927246
scaffold_1	1040000	1050000	North America	0.00230851	0.0008591233962337
scaffold_1	1040000	1050000	Northern Ural	0.00395567	0.0006865491059483
scaffold_1	1040000	1050000	Scandinavia	0.00285762	0.0015027317857913
scaffold_1	1040000	1050000	Siberia SC	0.00021821	9.589960681161208e-05
scaffold_1	1040000	1050000	West Siberia	0.00283019	0.0015525181287224
scaffold_1	1040000	1050000	admixed	0.00397061	0.0012616840042213
scaffold_1	1050000	1060000	Central Europe	0.0127114	0.003558814523009
scaffold_1	1050000	1060000	East Siberia	0.00560078	0.001702386578764
scaffold_1	1050000	1060000	Karelia	0.0016534	0.0011448885855748
scaffold_1	1050000	1060000	MIX Amur Basin	0.00330539	0.0017564191841868
scaffold_1	1050000	1060000	MIX Central Siberia	0.00682978	0.0012809815624986
scaffold_1	1050000	1060000	MIX Sibiryakov Island	0.00442489	0.0019438659727014
scaffold_1	1050000	1060000	North America	0.00539463	0.0021603305650136
scaffold_1	1050000	1060000	Northern Ural	0.0080951	0.0009833833945179
scaffold_1	1050000	1060000	Scandinavia	0.0090026	0.0033863839158906
scaffold_1	1050000	1060000	Siberia SC	0.00311703	0.000575125147232
scaffold_1	1050000	1060000	West Siberia	0.00391658	0.0016215587297297
scaffold_1	1050000	1060000	admixed	0.00737876	0.0021897340523517
scaffold_1	1060000	1070000	Central Europe	0.0117396	0.0038728438006721
scaffold_1	1060000	1070000	East Siberia	0.00503236	0.0021581506849099
scaffold_1	1060000	1070000	Karelia	0.00326981	0.0011410113317232
scaffold_1	1060000	1070000	MIX Amur Basin	0.00547844	0.0026494273869466
scaffold_1	1060000	1070000	MIX Central Siberia	0.00585705	0.0015060067775942
scaffold_1	1060000	1070000	MIX Sibiryakov Island	0.00566787	0.0028283961721214
scaffold_1	1060000	1070000	North America	0.00458099	0.0021352641764005
scaffold_1	1060000	1070000	Northern Ural	0.00632352	0.0014583384537841
scaffold_1	1060000	1070000	Scandinavia	0.00546299	0.0024223966541169
scaffold_1	1060000	1070000	Siberia SC	0.00202792	0.0006020197763496
scaffold_1	1060000	1070000	West Siberia	0.0054969	0.0024799550293999
scaffold_1	1060000	1070000	admixed	0.00735922	0.003160897293217
scaffold_1	1070000	1080000	Central Europe	0.0159288	0.0049205453295374
scaffold_1	1070000	1080000	East Siberia	0.00953902	0.0045586251788751
scaffold_1	1070000	1080000	Karelia	0.00850374	0.0049421650600901
scaffold_1	1070000	1080000	MIX Amur Basin	0.00684695	0.0029234018377038
scaffold_1	1070000	1080000	MIX Central Siberia	0.0103748	0.0022225113572836
scaffold_1	1070000	1080000	MIX Sibiryakov Island	0.00638548	0.0037851753670473
scaffold_1	1070000	1080000	North America	0.00556304	0.0031838237060459
scaffold_1	1070000	1080000	Northern Ural	0.00940362	0.0018570248994885
scaffold_1	1070000	1080000	Scandinavia	0.00767001	0.0042849262374692
scaffold_1	1070000	1080000	Siberia SC	0.00155112	0.0004331307931243
scaffold_1	1070000	1080000	West Siberia	0.0090932	0.0052141858908249
scaffold_1	1070000	1080000	admixed	0.0121365	0.0046836673713128
scaffold_1	1080000	1090000	Central Europe	0.0151141	0.0078854986869977
scaffold_1	1080000	1090000	East Siberia	0.00953277	0.005695417353469
scaffold_1	1080000	1090000	Karelia	0.00848542	0.0054590757431877
scaffold_1	1080000	1090000	MIX Amur Basin	0.00689449	0.0034177744489424
scaffold_1	1080000	1090000	MIX Central Siberia	0.0113753	0.0046527827247515
scaffold_1	1080000	1090000	MIX Sibiryakov Island	0.00967087	0.0063122573159556
scaffold_1	1080000	1090000	North America	0.00488401	0.0029211813782551
scaffold_1	1080000	1090000	Northern Ural	0.0116444	0.002412560310433
scaffold_1	1080000	1090000	Scandinavia	0.0112915	0.0069841571515051
scaffold_1	1080000	1090000	Siberia SC	0.000470292	0.0001491780290598
scaffold_1	1080000	1090000	West Siberia	0.0057877	0.0038838044984611
scaffold_1	1080000	1090000	admixed	0.0122139	0.0067071895676724
scaffold_1	1090000	1100000	Central Europe	0.00937657	0.0029642620135388
scaffold_1	1090000	1100000	East Siberia	0.00302588	0.0018366161028644
scaffold_1	1090000	1100000	Karelia	0.00202273	0.0009258839014205
scaffold_1	1090000	1100000	MIX Amur Basin	0.00365659	0.001899989214035
scaffold_1	1090000	1100000	MIX Central Siberia	0.00385942	0.0015941997962807
scaffold_1	1090000	1100000	MIX Sibiryakov Island	0.00285378	0.0016912707480006
scaffold_1	1090000	1100000	North America	0.00179944	0.0012375258934008
scaffold_1	1090000	1100000	Northern Ural	0.00366145	0.0011181913724029
scaffold_1	1090000	1100000	Scandinavia	0.00550607	0.0024981256255014
scaffold_1	1090000	1100000	Siberia SC	0.000459827	0.0001086602194936
scaffold_1	1090000	1100000	West Siberia	0.00196754	0.0012849621131228
scaffold_1	1090000	1100000	admixed	0.00473403	0.0021576831526874
scaffold_1	1100000	1110000	Central Europe	0.00986058	0.003879992629137
scaffold_1	1100000	1110000	East Siberia	0.0046164	0.0020910274445558
scaffold_1	1100000	1110000	Karelia	0.00344452	0.0019197051441003
scaffold_1	1100000	1110000	MIX Amur Basin	0.00550676	0.0030403171359311
scaffold_1	1100000	1110000	MIX Central Siberia	0.00591805	0.0023421941429532
scaffold_1	1100000	1110000	MIX Sibiryakov Island	0.00418378	0.0016784335459978
scaffold_1	1100000	1110000	North America	0.00268165	0.0013771315178526
scaffold_1	1100000	1110000	Northern Ural	0.00523452	0.0021125762533758
scaffold_1	1100000	1110000	Scandinavia	0.00870744	0.003741416817758
scaffold_1	1100000	1110000	Siberia SC	0.00034623	0.0001312383469398
scaffold_1	1100000	1110000	West Siberia	0.00336334	0.0017927303941127
scaffold_1	1100000	1110000	admixed	0.00663011	0.0029047476874473
scaffold_1	1110000	1120000	Central Europe	0.0111167	0.0043807580353167
scaffold_1	1110000	1120000	East Siberia	0.00630911	0.0028584257212595
scaffold_1	1110000	1120000	Karelia	0.00585915	0.0025681351804779
scaffold_1	1110000	1120000	MIX Amur Basin	0.00926857	0.004544034084657
scaffold_1	1110000	1120000	MIX Central Siberia	0.00812441	0.0030949005941889
scaffold_1	1110000	1120000	MIX Sibiryakov Island	0.00890689	0.0036658666740229
scaffold_1	1110000	1120000	North America	0.00346275	0.0020280728722294
scaffold_1	1110000	1120000	Northern Ural	0.00855351	0.0028890778503202
scaffold_1	1110000	1120000	Scandinavia	0.00987937	0.00467237671399
scaffold_1	1110000	1120000	Siberia SC	0.000506811	0.0003414165809306
scaffold_1	1110000	1120000	West Siberia	0.00686892	0.0035092924601721
scaffold_1	1110000	1120000	admixed	0.00970903	0.0045115978623212
scaffold_1	1120000	1130000	Central Europe	0.016843	0.0083931695434193
scaffold_1	1120000	1130000	East Siberia	0.0165353	0.0109654954460547
scaffold_1	1120000	1130000	Karelia	0.0151019	0.0088345708143684
scaffold_1	1120000	1130000	MIX Amur Basin	0.0160002	0.0105479201972387
scaffold_1	1120000	1130000	MIX Central Siberia	0.0153468	0.0064019313697494
scaffold_1	1120000	1130000	MIX Sibiryakov Island	0.0165837	0.0108503538848071
scaffold_1	1120000	1130000	North America	0.00703223	0.0051268029510952
scaffold_1	1120000	1130000	Northern Ural	0.0138508	0.0049422423520994
scaffold_1	1120000	1130000	Scandinavia	0.0190568	0.0108958853214868
scaffold_1	1120000	1130000	Siberia SC	0.00280002	0.00172675391213
scaffold_1	1120000	1130000	West Siberia	0.0137569	0.0094202718937163
scaffold_1	1120000	1130000	admixed	0.018925	0.0101243802731147
scaffold_1	1130000	1140000	Central Europe	0.0185665	0.0079402567176971
scaffold_1	1130000	1140000	East Siberia	0.0162494	0.0082863380590561
scaffold_1	1130000	1140000	Karelia	0.0118648	0.0070597103904718
scaffold_1	1130000	1140000	MIX Amur Basin	0.0141164	0.0064814708218689
scaffold_1	1130000	1140000	MIX Central Siberia	0.0204982	0.0075254983803882
scaffold_1	1130000	1140000	MIX Sibiryakov Island	0.0139727	0.0073573087099735
scaffold_1	1130000	1140000	North America	0.0138171	0.0079751781180411
scaffold_1	1130000	1140000	Northern Ural	0.0198262	0.0079267085340404
scaffold_1	1130000	1140000	Scandinavia	0.0182618	0.0082517511515393
scaffold_1	1130000	1140000	Siberia SC	0.00170456	0.0005362612279694
scaffold_1	1130000	1140000	West Siberia	0.0168464	0.0077899759158128
scaffold_1	1130000	1140000	admixed	0.0189276	0.008287815405931
scaffold_1	1140000	1150000	Central Europe	0.0154766	0.005893463428109
scaffold_1	1140000	1150000	East Siberia	0.0138106	0.0066327208124337
scaffold_1	1140000	1150000	Karelia	0.0105917	0.0053683798362312
scaffold_1	1140000	1150000	MIX Amur Basin	0.0174927	0.0082853474132297
scaffold_1	1140000	1150000	MIX Central Siberia	0.0128255	0.0026941393873333
scaffold_1	1140000	1150000	MIX Sibiryakov Island	0.0112052	0.004614011182634
scaffold_1	1140000	1150000	North America	0.0125174	0.0061063146789454
scaffold_1	1140000	1150000	Northern Ural	0.0128438	0.0026815225826777
scaffold_1	1140000	1150000	Scandinavia	0.01303	0.0051062641546531
scaffold_1	1140000	1150000	Siberia SC	0.000669634	0.0003604366975145
scaffold_1	1140000	1150000	West Siberia	0.0170408	0.0076513754912281
scaffold_1	1140000	1150000	admixed	0.0186529	0.0074464850911763
scaffold_1	1150000	1160000	Central Europe	0.0180875	0.0108721960733697
scaffold_1	1150000	1160000	East Siberia	0.0110705	0.0063045078078283
scaffold_1	1150000	1160000	Karelia	0.0100466	0.0065069970637882
scaffold_1	1150000	1160000	MIX Amur Basin	0.0108652	0.0041120654206332
scaffold_1	1150000	1160000	MIX Central Siberia	0.0112884	0.0052492701950816
scaffold_1	1150000	1160000	MIX Sibiryakov Island	0.0110737	0.0038110976601781
scaffold_1	1150000	1160000	North America	0.013959	0.0075090174413684
scaffold_1	1150000	1160000	Northern Ural	0.0110743	0.0056826638893572
scaffold_1	1150000	1160000	Scandinavia	0.0208445	0.0113578289761967
scaffold_1	1150000	1160000	Siberia SC	0.000538301	0.0002872035302747
scaffold_1	1150000	1160000	West Siberia	0.0110908	0.0063613248158441
scaffold_1	1150000	1160000	admixed	0.0156109	0.0072872151069512
scaffold_1	1160000	1170000	Central Europe	0.0114191	0.0071503323621968
scaffold_1	1160000	1170000	East Siberia	0.0123392	0.008423884000409
scaffold_1	1160000	1170000	Karelia	0.00157487	0.0011833444271873
scaffold_1	1160000	1170000	MIX Amur Basin	0.0121175	0.0071922377198302
scaffold_1	1160000	1170000	MIX Central Siberia	0.0102873	0.005850948399983
scaffold_1	1160000	1170000	MIX Sibiryakov Island	0.0105142	0.0076849695425791
scaffold_1	1160000	1170000	North America	0.00553172	0.0041590250078598
scaffold_1	1160000	1170000	Northern Ural	0.0128577	0.0074432900462402
scaffold_1	1160000	1170000	Scandinavia	0.0102332	0.0061077839783195
scaffold_1	1160000	1170000	Siberia SC	0.000855891	0.0005587316095789
scaffold_1	1160000	1170000	West Siberia	0.0103815	0.0074878737749011
scaffold_1	1160000	1170000	admixed	0.0143654	0.0091158327621658
scaffold_1	1170000	1180000	Central Europe	0.00907487	0.0027450744567132
scaffold_1	1170000	1180000	East Siberia	0.0042675	0.0015936127712647
scaffold_1	1170000	1180000	Karelia	0.00290609	0.0010078333212587
scaffold_1	1170000	1180000	MIX Amur Basin	0.00568991	0.0026463431332452
scaffold_1	1170000	1180000	MIX Central Siberia	0.00502456	0.0013182350098183
scaffold_1	1170000	1180000	MIX Sibiryakov Island	0.00390929	0.0010978209530617
scaffold_1	1170000	1180000	North America	0.00316877	0.0016922560085162
scaffold_1	1170000	1180000	Northern Ural	0.00478059	0.0008928581781422
scaffold_1	1170000	1180000	Scandinavia	0.00799423	0.0028978947314869
scaffold_1	1170000	1180000	Siberia SC	0.000390097	0.0001903269640193
scaffold_1	1170000	1180000	West Siberia	0.00346249	0.0012873878883463
scaffold_1	1170000	1180000	admixed	0.00537857	0.0015094410506246
scaffold_1	1180000	1190000	Central Europe	0.00894551	0.0032565379529528
scaffold_1	1180000	1190000	East Siberia	0.00383592	0.0024428920386668
scaffold_1	1180000	1190000	Karelia	0.00201075	0.0010705282631364
scaffold_1	1180000	1190000	MIX Amur Basin	0.0049785	0.0029004851813093
scaffold_1	1180000	1190000	MIX Central Siberia	0.00502412	0.0022334090223702
scaffold_1	1180000	1190000	MIX Sibiryakov Island	0.00334444	0.0021615325895632
scaffold_1	1180000	1190000	North America	0.00281128	0.0018767489962594
scaffold_1	1180000	1190000	Northern Ural	0.00678912	0.0017119028656676
scaffold_1	1180000	1190000	Scandinavia	0.00463917	0.0031945036064402
scaffold_1	1180000	1190000	Siberia SC	0.00036018	0.0002656605966087
scaffold_1	1180000	1190000	West Siberia	0.00232338	0.0017147480682296
scaffold_1	1180000	1190000	admixed	0.00517192	0.0028475926676526
scaffold_1	1190000	1200000	Central Europe	0.0191338	0.0100475610085865
scaffold_1	1190000	1200000	East Siberia	0.00458346	0.0018983772353824
scaffold_1	1190000	1200000	Karelia	0.00097976	0.0005255977786898
scaffold_1	1190000	1200000	MIX Amur Basin	0.0167108	0.0097555892148891
scaffold_1	1190000	1200000	MIX Central Siberia	0.0140898	0.0041722678692362
scaffold_1	1190000	1200000	MIX Sibiryakov Island	0.0141347	0.0072497983068932
scaffold_1	1190000	1200000	North America	0.00418359	0.0026483356705671
scaffold_1	1190000	1200000	Northern Ural	0.0101768	0.0020134333292957
scaffold_1	1190000	1200000	Scandinavia	0.0112869	0.0067602803769681
scaffold_1	1190000	1200000	Siberia SC	0.000744196	7.666968781746042e-05
scaffold_1	1190000	1200000	West Siberia	0.013906	0.0070875581554889
scaffold_1	1190000	1200000	admixed	0.0176855	0.0075976587863534
scaffold_1	1200000	1210000	Central Europe	0.012462	0.0059786927952444
scaffold_1	1200000	1210000	East Siberia	0.00825091	0.005752731043966
scaffold_1	1200000	1210000	Karelia	0.00555917	0.0040273255112765
scaffold_1	1200000	1210000	MIX Amur Basin	0.00916798	0.0049892879540536
scaffold_1	1200000	1210000	MIX Central Siberia	0.010075	0.0054168576352093
scaffold_1	1200000	1210000	MIX Sibiryakov Island	0.00768207	0.005288673424416
scaffold_1	1200000	1210000	North America	0.00860639	0.0064891096675115
scaffold_1	1200000	1210000	Northern Ural	0.0087223	0.0034253312074507
scaffold_1	1200000	1210000	Scandinavia	0.00834687	0.006016890589766
scaffold_1	1200000	1210000	Siberia SC	0.00168526	0.0007606863001292
scaffold_1	1200000	1210000	West Siberia	0.00820135	0.0054888128984754
scaffold_1	1200000	1210000	admixed	0.0104449	0.006315840985577
scaffold_1	1210000	1220000	Central Europe	0.0141783	0.0046903920681297
scaffold_1	1210000	1220000	East Siberia	0.00839888	0.0045218673095046
scaffold_1	1210000	1220000	Karelia	0.00833227	0.0046252959205283
scaffold_1	1210000	1220000	MIX Amur Basin	0.00567643	0.0026415260570547
scaffold_1	1210000	1220000	MIX Central Siberia	0.00851669	0.0031994807555717
scaffold_1	1210000	1220000	MIX Sibiryakov Island	0.0100614	0.0050026210916141
scaffold_1	1210000	1220000	North America	0.00701371	0.0047630859061146
scaffold_1	1210000	1220000	Northern Ural	0.00987607	0.0029798212830134
scaffold_1	1210000	1220000	Scandinavia	0.00962827	0.0056703838528787
scaffold_1	1210000	1220000	Siberia SC	0.000652431	0.0003160000669669
scaffold_1	1210000	1220000	West Siberia	0.00861667	0.0046332529729632
scaffold_1	1210000	1220000	admixed	0.0104857	0.0052566394868423
scaffold_1	1220000	1230000	Central Europe	0.0101312	0.0026339510788859
scaffold_1	1220000	1230000	East Siberia	0.00364382	0.0014045775745071
scaffold_1	1220000	1230000	Karelia	0.00170577	0.0007669034953936
scaffold_1	1220000	1230000	MIX Amur Basin	0.0028423	0.0018544817016219
scaffold_1	1220000	1230000	MIX Central Siberia	0.00408182	0.0011153859880034
scaffold_1	1220000	1230000	MIX Sibiryakov Island	0.00444648	0.0022718591045256
scaffold_1	1220000	1230000	North America	0.00407812	0.002286611548945
scaffold_1	1220000	1230000	Northern Ural	0.00399748	0.0007445854441137
scaffold_1	1220000	1230000	Scandinavia	0.00620529	0.0028406467119692
scaffold_1	1220000	1230000	Siberia SC	0.00086711	0.000311336830313
scaffold_1	1220000	1230000	West Siberia	0.00336984	0.0016598075882925
scaffold_1	1220000	1230000	admixed	0.00611902	0.0021953285006713
scaffold_1	1230000	1240000	Central Europe	0.0117812	0.0047501920451091
scaffold_1	1230000	1240000	East Siberia	0.00730926	0.0049842285145238
scaffold_1	1230000	1240000	Karelia	0.00727605	0.0025978623304252
scaffold_1	1230000	1240000	MIX Amur Basin	0.00787226	0.0040065141885367
scaffold_1	1230000	1240000	MIX Central Siberia	0.00705847	0.0024365856821004
scaffold_1	1230000	1240000	MIX Sibiryakov Island	0.00857911	0.0037991493939852
scaffold_1	1230000	1240000	North America	0.00746909	0.0044570810387389
scaffold_1	1230000	1240000	Northern Ural	0.00670154	0.0014179949390277
scaffold_1	1230000	1240000	Scandinavia	0.00992168	0.0058553079109878
scaffold_1	1230000	1240000	Siberia SC	0.00152283	0.0006621207174813
scaffold_1	1230000	1240000	West Siberia	0.00878648	0.0057036700592363
scaffold_1	1230000	1240000	admixed	0.00893727	0.0052863283416528
scaffold_1	1240000	1250000	Central Europe	0.00816306	0.0022477303546425
scaffold_1	1240000	1250000	East Siberia	0.00458713	0.001921819398419
scaffold_1	1240000	1250000	Karelia	0.000994611	0.0006431338781453
scaffold_1	1240000	1250000	MIX Amur Basin	0.00352657	0.0015268523998688
scaffold_1	1240000	1250000	MIX Central Siberia	0.00413325	0.0009048848262246
scaffold_1	1240000	1250000	MIX Sibiryakov Island	0.00437609	0.001817761055869
scaffold_1	1240000	1250000	North America	0.00411133	0.0023206527798663
scaffold_1	1240000	1250000	Northern Ural	0.00538007	0.0010733852565092
scaffold_1	1240000	1250000	Scandinavia	0.00668847	0.0030836029704899
scaffold_1	1240000	1250000	Siberia SC	0.000456962	0.0002379367280575
scaffold_1	1240000	1250000	West Siberia	0.00394476	0.0019175391696966
scaffold_1	1240000	1250000	admixed	0.00537645	0.0018054265569503
scaffold_1	1250000	1260000	Central Europe	0.00978867	0.0030132698730782
scaffold_1	1250000	1260000	East Siberia	0.00608245	0.0027947920528769
scaffold_1	1250000	1260000	Karelia	0.00154463	0.0010584165243599
scaffold_1	1250000	1260000	MIX Amur Basin	0.0063734	0.002771134126183
scaffold_1	1250000	1260000	MIX Central Siberia	0.00625428	0.0020264490388649
scaffold_1	1250000	1260000	MIX Sibiryakov Island	0.00437133	0.002136409227683
scaffold_1	1250000	1260000	North America	0.00416196	0.0021699311649
scaffold_1	1250000	1260000	Northern Ural	0.00662261	0.0017346373925828
scaffold_1	1250000	1260000	Scandinavia	0.00603054	0.003051183383207
scaffold_1	1250000	1260000	Siberia SC	0.000636768	0.000211083586674
scaffold_1	1250000	1260000	West Siberia	0.00550973	0.0024630134268195
scaffold_1	1250000	1260000	admixed	0.00632002	0.0026238255390349
scaffold_1	1260000	1270000	Central Europe	0.0115591	0.0045797191467068
scaffold_1	1260000	1270000	East Siberia	0.00638747	0.003251637633315
scaffold_1	1260000	1270000	Karelia	0.00406502	0.0036820017891836
scaffold_1	1260000	1270000	MIX Amur Basin	0.00651816	0.0033970824609468
scaffold_1	1260000	1270000	MIX Central Siberia	0.00700128	0.0024599704100339
scaffold_1	1260000	1270000	MIX Sibiryakov Island	0.00563184	0.0025647341805167
scaffold_1	1260000	1270000	North America	0.00509852	0.0025958376277977
scaffold_1	1260000	1270000	Northern Ural	0.00584021	0.0016534956341921
scaffold_1	1260000	1270000	Scandinavia	0.00990441	0.0047807037691934
scaffold_1	1260000	1270000	Siberia SC	0.000667391	0.0002464839785413
scaffold_1	1260000	1270000	West Siberia	0.00667283	0.0024848536514746
scaffold_1	1260000	1270000	admixed	0.00938758	0.0043282725755253
scaffold_1	1270000	1280000	Central Europe	0.00892815	0.0024701758229912
scaffold_1	1270000	1280000	East Siberia	0.00303243	0.0016530937394694
scaffold_1	1270000	1280000	Karelia	0.00406395	0.002818328102552
scaffold_1	1270000	1280000	MIX Amur Basin	0.00412869	0.002224570759348
scaffold_1	1270000	1280000	MIX Central Siberia	0.0051379	0.0017428874246542
scaffold_1	1270000	1280000	MIX Sibiryakov Island	0.00430668	0.0024500773128509
scaffold_1	1270000	1280000	North America	0.00298326	0.0012859234332572
scaffold_1	1270000	1280000	Northern Ural	0.00542632	0.0015840429446373
scaffold_1	1270000	1280000	Scandinavia	0.0046586	0.0018298886128977
scaffold_1	1270000	1280000	Siberia SC	0.000277078	0.0002251740227122
scaffold_1	1270000	1280000	West Siberia	0.00424554	0.001880366711219
scaffold_1	1270000	1280000	admixed	0.00475165	0.0019797256008236
scaffold_1	1280000	1290000	Central Europe	0.01311	0.0044184217101019
scaffold_1	1280000	1290000	East Siberia	0.00360799	0.0022820034996104
scaffold_1	1280000	1290000	Karelia	0.00292387	0.0013965365007387
scaffold_1	1280000	1290000	MIX Amur Basin	0.00502601	0.0026026652429865
scaffold_1	1280000	1290000	MIX Central Siberia	0.00452865	0.0013632738635622
scaffold_1	1280000	1290000	MIX Sibiryakov Island	0.004566	0.0023925021207204
scaffold_1	1280000	1290000	North America	0.00406251	0.0021831607524186
scaffold_1	1280000	1290000	Northern Ural	0.00639656	0.0013141298415443
scaffold_1	1280000	1290000	Scandinavia	0.00730465	0.0038471427176629
scaffold_1	1280000	1290000	Siberia SC	0.000386575	0.0003138195481558
scaffold_1	1280000	1290000	West Siberia	0.00384781	0.0025311030287555
scaffold_1	1280000	1290000	admixed	0.00548479	0.0024361827889844
scaffold_1	1290000	1300000	Central Europe	0.014966	0.0057443815473333
scaffold_1	1290000	1300000	East Siberia	0.00318935	0.0023534815348702
scaffold_1	1290000	1300000	Karelia	0.00291419	0.0018939261995778
scaffold_1	1290000	1300000	MIX Amur Basin	0.00820526	0.003677795887857
scaffold_1	1290000	1300000	MIX Central Siberia	0.00400742	0.0012546995306911
scaffold_1	1290000	1300000	MIX Sibiryakov Island	0.0105539	0.0029591427796511
scaffold_1	1290000	1300000	North America	0.00479796	0.0027038997662447
scaffold_1	1290000	1300000	Northern Ural	0.00707271	0.0009958024105965
scaffold_1	1290000	1300000	Scandinavia	0.00845282	0.0044584543844332
scaffold_1	1290000	1300000	Siberia SC	0.000742702	0.0005277184094567
scaffold_1	1290000	1300000	West Siberia	0.00794326	0.0030105524507043
scaffold_1	1290000	1300000	admixed	0.00966459	0.0036837691455669
scaffold_1	1300000	1310000	Central Europe	0.0169251	0.0093425401905807
scaffold_1	1300000	1310000	East Siberia	0.00321866	0.0011683886005301
scaffold_1	1300000	1310000	Karelia	0.00280555	0.0012720390099398
scaffold_1	1300000	1310000	MIX Amur Basin	0.00499651	0.0026875726553823
scaffold_1	1300000	1310000	MIX Central Siberia	0.0044635	0.0011086730663391
scaffold_1	1300000	1310000	MIX Sibiryakov Island	0.00499866	0.0015890635041187
scaffold_1	1300000	1310000	North America	0.00576031	0.0036051799996458
scaffold_1	1300000	1310000	Northern Ural	0.00822034	0.0013306944413979
scaffold_1	1300000	1310000	Scandinavia	0.0170172	0.0088122545454669
scaffold_1	1300000	1310000	Siberia SC	0.00066918	0.0002418845001511
scaffold_1	1300000	1310000	West Siberia	0.00384511	0.0013055928109571
scaffold_1	1300000	1310000	admixed	0.00603637	0.002014066316308
scaffold_1	1310000	1320000	Central Europe	0.0112698	0.0033989232897062
scaffold_1	1310000	1320000	East Siberia	0.00370153	0.0021842303732719
scaffold_1	1310000	1320000	Karelia	0.000797794	0.0003547886295893
scaffold_1	1310000	1320000	MIX Amur Basin	0.00307205	0.0013413359203662
scaffold_1	1310000	1320000	MIX Central Siberia	0.00452953	0.0022539330258678
scaffold_1	1310000	1320000	MIX Sibiryakov Island	0.00402715	0.0021467290971648
scaffold_1	1310000	1320000	North America	0.00375775	0.0019986939334335
scaffold_1	1310000	1320000	Northern Ural	0.00557165	0.0019611886895162
scaffold_1	1310000	1320000	Scandinavia	0.00742153	0.0040912818265628
scaffold_1	1310000	1320000	Siberia SC	0.000364303	0.0001055225081963
scaffold_1	1310000	1320000	West Siberia	0.00539815	0.0030553232760574
scaffold_1	1310000	1320000	admixed	0.00620436	0.0032117655757064
scaffold_1	1320000	1330000	Central Europe	0.0107512	0.0031146823157004
scaffold_1	1320000	1330000	East Siberia	0.00478159	0.0031558162838812
scaffold_1	1320000	1330000	Karelia	0.000407901	0.000245040845011
scaffold_1	1320000	1330000	MIX Amur Basin	0.00642281	0.003712838332601
scaffold_1	1320000	1330000	MIX Central Siberia	0.00568349	0.0026011105125767
scaffold_1	1320000	1330000	MIX Sibiryakov Island	0.00517505	0.0028935583878746
scaffold_1	1320000	1330000	North America	0.00509348	0.003142673019269
scaffold_1	1320000	1330000	Northern Ural	0.00648356	0.0022314252357886
scaffold_1	1320000	1330000	Scandinavia	0.00444284	0.0030917741173929
scaffold_1	1320000	1330000	Siberia SC	0.000312886	0.0002404124207035
scaffold_1	1320000	1330000	West Siberia	0.0075382	0.0044710098497222
scaffold_1	1320000	1330000	admixed	0.00801871	0.0039733666906093
scaffold_1	1330000	1340000	Central Europe	0.0112948	0.0035675118963855
scaffold_1	1330000	1340000	East Siberia	0.00591596	0.0034672426791914
scaffold_1	1330000	1340000	Karelia	0.000563746	0.0004363889503783
scaffold_1	1330000	1340000	MIX Amur Basin	0.00340179	0.0017607028595502
scaffold_1	1330000	1340000	MIX Central Siberia	0.00480865	0.001818069307706
scaffold_1	1330000	1340000	MIX Sibiryakov Island	0.00435941	0.0026347536037277
scaffold_1	1330000	1340000	North America	0.0050319	0.0029834097931443
scaffold_1	1330000	1340000	Northern Ural	0.00715029	0.0022494602740492
scaffold_1	1330000	1340000	Scandinavia	0.0074032	0.0037617837447835
scaffold_1	1330000	1340000	Siberia SC	0.000270934	3.0271596766186223e-05
scaffold_1	1330000	1340000	West Siberia	0.00542598	0.0030686687992812
scaffold_1	1330000	1340000	admixed	0.00779968	0.0042432594720671
scaffold_1	1340000	1350000	Central Europe	0.00748946	0.0023763986772239
scaffold_1	1340000	1350000	East Siberia	0.00143109	0.0008171759802983
scaffold_1	1340000	1350000	Karelia	0.000694395	0.0004047501556543
scaffold_1	1340000	1350000	MIX Amur Basin	0.00331007	0.0018370478165934
scaffold_1	1340000	1350000	MIX Central Siberia	0.00224675	0.0008616597282878
scaffold_1	1340000	1350000	MIX Sibiryakov Island	0.00335968	0.0015702035945868
scaffold_1	1340000	1350000	North America	0.00236476	0.0013625775968129
scaffold_1	1340000	1350000	Northern Ural	0.0035856	0.0006723602319599
scaffold_1	1340000	1350000	Scandinavia	0.00478979	0.0022414489840087
scaffold_1	1340000	1350000	Siberia SC	0.000200754	9.83722899312448e-05
scaffold_1	1340000	1350000	West Siberia	0.00305661	0.0016942438516468
scaffold_1	1340000	1350000	admixed	0.00453317	0.0021152110422432
scaffold_1	1350000	1360000	Central Europe	0.00726491	0.0018359593963243
scaffold_1	1350000	1360000	East Siberia	0.00136668	0.0006845433712271
scaffold_1	1350000	1360000	Karelia	0.000952984	0.0004537301837525
scaffold_1	1350000	1360000	MIX Amur Basin	0.00366156	0.0021655022756837
scaffold_1	1350000	1360000	MIX Central Siberia	0.00287092	0.0009721743357279
scaffold_1	1350000	1360000	MIX Sibiryakov Island	0.00360103	0.0016455704991563
scaffold_1	1350000	1360000	North America	0.00372018	0.0017653179920657
scaffold_1	1350000	1360000	Northern Ural	0.00463772	0.0011398100849044
scaffold_1	1350000	1360000	Scandinavia	0.00500012	0.0022950317807823
scaffold_1	1350000	1360000	Siberia SC	0.000163038	0.0001334925876484
scaffold_1	1350000	1360000	West Siberia	0.00319103	0.0013912056829368
scaffold_1	1350000	1360000	admixed	0.00487026	0.0018339426991544
scaffold_1	1360000	1370000	Central Europe	0.00712133	0.0018794049941915
scaffold_1	1360000	1370000	East Siberia	0.00133523	0.000826835063158
scaffold_1	1360000	1370000	Karelia	0.00116874	0.0009208286244229
scaffold_1	1360000	1370000	MIX Amur Basin	0.00382882	0.0019000958003639
scaffold_1	1360000	1370000	MIX Central Siberia	0.00272966	0.0010211741512331
scaffold_1	1360000	1370000	MIX Sibiryakov Island	0.0025633	0.001310489466609
scaffold_1	1360000	1370000	North America	0.00237856	0.0016144939570958
scaffold_1	1360000	1370000	Northern Ural	0.00491324	0.0016873707805649
scaffold_1	1360000	1370000	Scandinavia	0.00410509	0.0017411987395313
scaffold_1	1360000	1370000	Siberia SC	0.000361716	0.0002677703654239
scaffold_1	1360000	1370000	West Siberia	0.00418313	0.0021228288683271
scaffold_1	1360000	1370000	admixed	0.00477314	0.0023566339569122
scaffold_1	1370000	1380000	Central Europe	0.00885491	0.0021292224513951
scaffold_1	1370000	1380000	East Siberia	0.00193699	0.0008488695385812
scaffold_1	1370000	1380000	Karelia	0.00466478	0.002137823719572
scaffold_1	1370000	1380000	MIX Amur Basin	0.00487018	0.0025569332740036
scaffold_1	1370000	1380000	MIX Central Siberia	0.00281336	0.0009406935175377
scaffold_1	1370000	1380000	MIX Sibiryakov Island	0.00214472	0.0010887592320817
scaffold_1	1370000	1380000	North America	0.00176722	0.0011641834014102
scaffold_1	1370000	1380000	Northern Ural	0.00466362	0.0010489158594915
scaffold_1	1370000	1380000	Scandinavia	0.00455016	0.0018231961864383
scaffold_1	1370000	1380000	Siberia SC	0.000608447	0.0004489832400376
scaffold_1	1370000	1380000	West Siberia	0.00467909	0.0023527582342489
scaffold_1	1370000	1380000	admixed	0.00490508	0.0020307358317386
scaffold_1	1380000	1390000	Central Europe	0.0105027	0.0033028444845758
scaffold_1	1380000	1390000	East Siberia	0.00323879	0.0024452808827134
scaffold_1	1380000	1390000	Karelia	0.0045561	0.0021785726997521
scaffold_1	1380000	1390000	MIX Amur Basin	0.00737704	0.0043167964404894
scaffold_1	1380000	1390000	MIX Central Siberia	0.00550757	0.0019905936299666
scaffold_1	1380000	1390000	MIX Sibiryakov Island	0.00622699	0.00463428920942
scaffold_1	1380000	1390000	North America	0.00228321	0.0013540759977555
scaffold_1	1380000	1390000	Northern Ural	0.00743267	0.0017343798203638
scaffold_1	1380000	1390000	Scandinavia	0.00385847	0.0023180576578359
scaffold_1	1380000	1390000	Siberia SC	0.000423592	0.0001527420782946
scaffold_1	1380000	1390000	West Siberia	0.00418425	0.0025246014276025
scaffold_1	1380000	1390000	admixed	0.00780491	0.0034877557152937
scaffold_1	1390000	1400000	Central Europe	0.00986828	0.0035536715306541
scaffold_1	1390000	1400000	East Siberia	0.0041108	0.0035504823115826
scaffold_1	1390000	1400000	Karelia	0.00523586	0.0027636696033216
scaffold_1	1390000	1400000	MIX Amur Basin	0.00613917	0.0043434548584921
scaffold_1	1390000	1400000	MIX Central Siberia	0.00637705	0.003045744089429
scaffold_1	1390000	1400000	MIX Sibiryakov Island	0.00496668	0.0035350422948035
scaffold_1	1390000	1400000	North America	0.00337626	0.0022948164417375
scaffold_1	1390000	1400000	Northern Ural	0.00839569	0.0025825993008258
scaffold_1	1390000	1400000	Scandinavia	0.00673311	0.005205550830538
scaffold_1	1390000	1400000	Siberia SC	0.000771397	0.0006402926156834
scaffold_1	1390000	1400000	West Siberia	0.00447151	0.0032641968374059
scaffold_1	1390000	1400000	admixed	0.00763622	0.0039221825248207
scaffold_1	1400000	1410000	Central Europe	0.007479	0.0015554629300156
scaffold_1	1400000	1410000	East Siberia	0.00112171	0.0006621105182951
scaffold_1	1400000	1410000	Karelia	0.00218102	0.0015760053272664
scaffold_1	1400000	1410000	MIX Amur Basin	0.00301356	0.0022177345327703
scaffold_1	1400000	1410000	MIX Central Siberia	0.00376375	0.002127009637384
scaffold_1	1400000	1410000	MIX Sibiryakov Island	0.00375482	0.0021695454251566
scaffold_1	1400000	1410000	North America	0.00194188	0.0013750755486462
scaffold_1	1400000	1410000	Northern Ural	0.00416582	0.00064588870213
scaffold_1	1400000	1410000	Scandinavia	0.00291267	0.0010856336793859
scaffold_1	1400000	1410000	Siberia SC	0.000140477	7.855430842979072e-05
scaffold_1	1400000	1410000	West Siberia	0.0046779	0.0025151092990588
scaffold_1	1400000	1410000	admixed	0.00548355	0.0029639917432017
scaffold_1	1410000	1420000	Central Europe	0.00848536	0.0021042662147597
scaffold_1	1410000	1420000	East Siberia	0.00320201	0.0016488052533462
scaffold_1	1410000	1420000	Karelia	0.00410344	0.0017522633609458
scaffold_1	1410000	1420000	MIX Amur Basin	0.00548415	0.0029020133331499
scaffold_1	1410000	1420000	MIX Central Siberia	0.00481503	0.001207737448285
scaffold_1	1410000	1420000	MIX Sibiryakov Island	0.00782848	0.0022255869529525
scaffold_1	1410000	1420000	North America	0.00387451	0.0022672787074987
scaffold_1	1410000	1420000	Northern Ural	0.00498393	0.0007399088894781
scaffold_1	1410000	1420000	Scandinavia	0.00544579	0.0028112888181351
scaffold_1	1410000	1420000	Siberia SC	0.000591881	0.0002376357592201
scaffold_1	1410000	1420000	West Siberia	0.00710114	0.0027670241571052
scaffold_1	1410000	1420000	admixed	0.00866633	0.0027348100665892
scaffold_1	1420000	1430000	Central Europe	0.00910162	0.0027493700487457
scaffold_1	1420000	1430000	East Siberia	0.00272796	0.0017358546014444
scaffold_1	1420000	1430000	Karelia	0.00599044	0.0025743980749996
scaffold_1	1420000	1430000	MIX Amur Basin	0.00548013	0.0031598103010918
scaffold_1	1420000	1430000	MIX Central Siberia	0.00375811	0.0016470123816713
scaffold_1	1420000	1430000	MIX Sibiryakov Island	0.00466813	0.0022749444419707
scaffold_1	1420000	1430000	North America	0.0032616	0.0021918004806082
scaffold_1	1420000	1430000	Northern Ural	0.00409644	0.0013071234625482
scaffold_1	1420000	1430000	Scandinavia	0.00526001	0.0021163705993755
scaffold_1	1420000	1430000	Siberia SC	0.0010453	8.418647303777868e-05
scaffold_1	1420000	1430000	West Siberia	0.00317269	0.001591820970493
scaffold_1	1420000	1430000	admixed	0.00511751	0.0021413187403968
scaffold_1	1430000	1440000	Central Europe	0.0105531	0.0033356604141481
scaffold_1	1430000	1440000	East Siberia	0.00459919	0.0016011486900951
scaffold_1	1430000	1440000	Karelia	0.00680061	0.002048681626693
scaffold_1	1430000	1440000	MIX Amur Basin	0.00481829	0.0020898166867319
scaffold_1	1430000	1440000	MIX Central Siberia	0.00649823	0.0015713245203355
scaffold_1	1430000	1440000	MIX Sibiryakov Island	0.00701956	0.0018174911173846
scaffold_1	1430000	1440000	North America	0.00430439	0.0017770341356234
scaffold_1	1430000	1440000	Northern Ural	0.00706223	0.0013776095062225
scaffold_1	1430000	1440000	Scandinavia	0.00679194	0.0021939621396682
scaffold_1	1430000	1440000	Siberia SC	0.000756352	7.837626766615069e-05
scaffold_1	1430000	1440000	West Siberia	0.00612557	0.0027902720828116
scaffold_1	1430000	1440000	admixed	0.00895216	0.0030327889228627
scaffold_1	1440000	1450000	Central Europe	0.00888537	0.0024656192319462
scaffold_1	1440000	1450000	East Siberia	0.00446783	0.0020445825583706
scaffold_1	1440000	1450000	Karelia	0.00460746	0.0020443732799961
scaffold_1	1440000	1450000	MIX Amur Basin	0.0045456	0.001991681904557
scaffold_1	1440000	1450000	MIX Central Siberia	0.00445198	0.0016931005245838
scaffold_1	1440000	1450000	MIX Sibiryakov Island	0.0044094	0.0018774534903567
scaffold_1	1440000	1450000	North America	0.00387026	0.0017671766286027
scaffold_1	1440000	1450000	Northern Ural	0.00553005	0.0017331381868063
scaffold_1	1440000	1450000	Scandinavia	0.00331203	0.001537903026877
scaffold_1	1440000	1450000	Siberia SC	0.000718887	0.0004518303861848
scaffold_1	1440000	1450000	West Siberia	0.00472378	0.0021207003365254
scaffold_1	1440000	1450000	admixed	0.00623241	0.0023914713384175
scaffold_1	1450000	1460000	Central Europe	0.00923861	0.002814821358985
scaffold_1	1450000	1460000	East Siberia	0.00418707	0.0013013696653652
scaffold_1	1450000	1460000	Karelia	0.00471122	0.0023057880870468
scaffold_1	1450000	1460000	MIX Amur Basin	0.00568905	0.0026366767111493
scaffold_1	1450000	1460000	MIX Central Siberia	0.00487594	0.0014750430177838
scaffold_1	1450000	1460000	MIX Sibiryakov Island	0.00648741	0.0026077580802888
scaffold_1	1450000	1460000	North America	0.00499288	0.0032152487460352
scaffold_1	1450000	1460000	Northern Ural	0.00469583	0.0006583145171193
scaffold_1	1450000	1460000	Scandinavia	0.00462423	0.0019001224771731
scaffold_1	1450000	1460000	Siberia SC	0.000552327	0.0002706282849288
scaffold_1	1450000	1460000	West Siberia	0.00458689	0.001743531066204
scaffold_1	1450000	1460000	admixed	0.00757248	0.002820939183304
scaffold_1	1460000	1470000	Central Europe	0.00826169	0.0027320027036892
scaffold_1	1460000	1470000	East Siberia	0.00502318	0.0029903438431795
scaffold_1	1460000	1470000	Karelia	0.00503813	0.0033800675503311
scaffold_1	1460000	1470000	MIX Amur Basin	0.00662506	0.0035122902459157
scaffold_1	1460000	1470000	MIX Central Siberia	0.00544976	0.0021483833474052
scaffold_1	1460000	1470000	MIX Sibiryakov Island	0.00509903	0.0034028649413264
scaffold_1	1460000	1470000	North America	0.00322978	0.0015781447506496
scaffold_1	1460000	1470000	Northern Ural	0.00567874	0.0020338152655664
scaffold_1	1460000	1470000	Scandinavia	0.00580519	0.003646244963729
scaffold_1	1460000	1470000	Siberia SC	0.000751867	0.0006823180576888
scaffold_1	1460000	1470000	West Siberia	0.00493365	0.0023603962442347
scaffold_1	1460000	1470000	admixed	0.00653619	0.0037377812305973
scaffold_1	1470000	1480000	Central Europe	0.0132523	0.0069855044967533
scaffold_1	1470000	1480000	East Siberia	0.0112427	0.005736588178149
scaffold_1	1470000	1480000	Karelia	0.00135846	0.0007887168888622
scaffold_1	1470000	1480000	MIX Amur Basin	0.00909225	0.0035271565495207
scaffold_1	1470000	1480000	MIX Central Siberia	0.0114358	0.0056764812521258
scaffold_1	1470000	1480000	MIX Sibiryakov Island	0.00951477	0.0048247749941381
scaffold_1	1470000	1480000	North America	0.0139798	0.0074024129404441
scaffold_1	1470000	1480000	Northern Ural	0.00897513	0.0025665659071765
scaffold_1	1470000	1480000	Scandinavia	0.00734699	0.0040656631136516
scaffold_1	1470000	1480000	Siberia SC	0.000736237	0.0003026977940898
scaffold_1	1470000	1480000	West Siberia	0.00334668	0.0018076522411334
scaffold_1	1470000	1480000	admixed	0.0145886	0.0066198103206736
scaffold_1	1480000	1490000	Central Europe	0.0148162	0.0070718969420818
scaffold_1	1480000	1490000	East Siberia	0.00611509	0.0026685719842817
scaffold_1	1480000	1490000	Karelia	0.0010111	0.0008212447001469
scaffold_1	1480000	1490000	MIX Amur Basin	0.00973687	0.0062047381967388
scaffold_1	1480000	1490000	MIX Central Siberia	0.00964468	0.0052156744757321
scaffold_1	1480000	1490000	MIX Sibiryakov Island	0.00700293	0.0033318995467028
scaffold_1	1480000	1490000	North America	0.012348	0.0073326317474276
scaffold_1	1480000	1490000	Northern Ural	0.0065907	0.0020581846608433
scaffold_1	1480000	1490000	Scandinavia	0.010985	0.0066267348812964
scaffold_1	1480000	1490000	Siberia SC	0.000863071	0.0005207872920213
scaffold_1	1480000	1490000	West Siberia	0.00281547	0.001603897181823
scaffold_1	1480000	1490000	admixed	0.00975431	0.0044392083846526
scaffold_1	1490000	1500000	Central Europe	0.0077974	0.0016471995676017
scaffold_1	1490000	1500000	East Siberia	0.00343155	0.0018225422856865
scaffold_1	1490000	1500000	Karelia	0.00132286	0.0009658462791644
scaffold_1	1490000	1500000	MIX Amur Basin	0.00587319	0.0023518930055734
scaffold_1	1490000	1500000	MIX Central Siberia	0.00392518	0.0016658197624008
scaffold_1	1490000	1500000	MIX Sibiryakov Island	0.00324649	0.002037621837685
scaffold_1	1490000	1500000	North America	0.00343942	0.0017047447301918
scaffold_1	1490000	1500000	Northern Ural	0.00406754	0.0009559749868999
scaffold_1	1490000	1500000	Scandinavia	0.0050485	0.0027438594314969
scaffold_1	1490000	1500000	Siberia SC	0.0015786	0.001163152468547
scaffold_1	1490000	1500000	West Siberia	0.00286355	0.0016417276924509
scaffold_1	1490000	1500000	admixed	0.00535948	0.0024409711245918
scaffold_1	1500000	1510000	Central Europe	0.00963124	0.0036105663486237
scaffold_1	1500000	1510000	East Siberia	0.00385197	0.0017898186309954
scaffold_1	1500000	1510000	Karelia	0.00179821	0.0011461137126888
scaffold_1	1500000	1510000	MIX Amur Basin	0.00419364	0.0023158061469326
scaffold_1	1500000	1510000	MIX Central Siberia	0.00315453	0.0015186887112356
scaffold_1	1500000	1510000	MIX Sibiryakov Island	0.00380906	0.0008878396756562
scaffold_1	1500000	1510000	North America	0.00593771	0.002411748190386
scaffold_1	1500000	1510000	Northern Ural	0.00521122	0.0010807057722069
scaffold_1	1500000	1510000	Scandinavia	0.00765807	0.0029837678299479
scaffold_1	1500000	1510000	Siberia SC	0.000729299	0.0002956354866315
scaffold_1	1500000	1510000	West Siberia	0.00298944	0.0012661016133978
scaffold_1	1500000	1510000	admixed	0.00471952	0.0021759310090131
scaffold_1	1510000	1520000	Central Europe	0.00953874	0.0026388035054674
scaffold_1	1510000	1520000	East Siberia	0.00384257	0.0013740103063163
scaffold_1	1510000	1520000	Karelia	0.00193661	0.0006657965865681
scaffold_1	1510000	1520000	MIX Amur Basin	0.00329232	0.0017450376303479
scaffold_1	1510000	1520000	MIX Central Siberia	0.00384049	0.0009633592348876
scaffold_1	1510000	1520000	MIX Sibiryakov Island	0.00292898	0.0012077181907883
scaffold_1	1510000	1520000	North America	0.00242605	0.0012068869593088
scaffold_1	1510000	1520000	Northern Ural	0.00371118	0.0005531874929433
scaffold_1	1510000	1520000	Scandinavia	0.0033737	0.0013500815278257
scaffold_1	1510000	1520000	Siberia SC	0.000250872	0.0001008537386246
scaffold_1	1510000	1520000	West Siberia	0.00397996	0.0012352705473152
scaffold_1	1510000	1520000	admixed	0.00508658	0.0013683277731442
scaffold_1	1520000	1530000	Central Europe	0.00714766	0.0016604710787859
scaffold_1	1520000	1530000	East Siberia	0.00565274	0.0027721892134292
scaffold_1	1520000	1530000	Karelia	0.00273453	0.0009253951169772
scaffold_1	1520000	1530000	MIX Amur Basin	0.00660361	0.0035056320346132
scaffold_1	1520000	1530000	MIX Central Siberia	0.00647655	0.0019984911805874
scaffold_1	1520000	1530000	MIX Sibiryakov Island	0.00474339	0.0020523345305284
scaffold_1	1520000	1530000	North America	0.00259759	0.0015162979241842
scaffold_1	1520000	1530000	Northern Ural	0.00596345	0.0010649153325471
scaffold_1	1520000	1530000	Scandinavia	0.00580569	0.0020363441162825
scaffold_1	1520000	1530000	Siberia SC	0.000813987	0.0003558831271387
scaffold_1	1520000	1530000	West Siberia	0.00550021	0.0032555898531686
scaffold_1	1520000	1530000	admixed	0.00745125	0.0031495571097998
scaffold_1	1530000	1540000	Central Europe	0.00862827	0.0034519512840033
scaffold_1	1530000	1540000	East Siberia	0.00494955	0.003682255554302
scaffold_1	1530000	1540000	Karelia	0.00420228	0.0021135656406938
scaffold_1	1530000	1540000	MIX Amur Basin	0.00506146	0.0027874659807253
scaffold_1	1530000	1540000	MIX Central Siberia	0.00539483	0.0024290865129303
scaffold_1	1530000	1540000	MIX Sibiryakov Island	0.00382139	0.0023509259502023
scaffold_1	1530000	1540000	North America	0.00536695	0.0029789385605511
scaffold_1	1530000	1540000	Northern Ural	0.00553545	0.0015908835325116
scaffold_1	1530000	1540000	Scandinavia	0.00707922	0.0040549973768136
scaffold_1	1530000	1540000	Siberia SC	0.000406609	0.0005088895738704
scaffold_1	1530000	1540000	West Siberia	0.00562227	0.0042612251879809
scaffold_1	1530000	1540000	admixed	0.00614472	0.0031547942090227
scaffold_1	1540000	1550000	Central Europe	0.00697554	0.0022179102894845
scaffold_1	1540000	1550000	East Siberia	0.00308603	0.002356319845632
scaffold_1	1540000	1550000	Karelia	0.00373223	0.0026540313280423
scaffold_1	1540000	1550000	MIX Amur Basin	0.00347797	0.0018459300441921
scaffold_1	1540000	1550000	MIX Central Siberia	0.00343187	0.0011273061926105
scaffold_1	1540000	1550000	MIX Sibiryakov Island	0.00275914	0.0013740912326561
scaffold_1	1540000	1550000	North America	0.00503737	0.002682403704575
scaffold_1	1540000	1550000	Northern Ural	0.00558607	0.0008804047339509
scaffold_1	1540000	1550000	Scandinavia	0.0057273	0.0027544023026089
scaffold_1	1540000	1550000	Siberia SC	0.000341191	0.000219420242958
scaffold_1	1540000	1550000	West Siberia	0.00292897	0.0019043287270749
scaffold_1	1540000	1550000	admixed	0.00456243	0.0022800357193396
scaffold_1	1550000	1560000	Central Europe	0.0119159	0.0049883876157333
scaffold_1	1550000	1560000	East Siberia	0.00653963	0.0042388014317671
scaffold_1	1550000	1560000	Karelia	0.00538651	0.0033590857786424
scaffold_1	1550000	1560000	MIX Amur Basin	0.00537166	0.00319033620092
scaffold_1	1550000	1560000	MIX Central Siberia	0.00765133	0.0032359095789521
scaffold_1	1550000	1560000	MIX Sibiryakov Island	0.00846863	0.0054496074385066
scaffold_1	1550000	1560000	North America	0.00416245	0.0024715980362767
scaffold_1	1550000	1560000	Northern Ural	0.0103062	0.0033641845512321
scaffold_1	1550000	1560000	Scandinavia	0.00951761	0.0063935490003611
scaffold_1	1550000	1560000	Siberia SC	0.000592538	0.0002425753845564
scaffold_1	1550000	1560000	West Siberia	0.00882916	0.0056277796956379
scaffold_1	1550000	1560000	admixed	0.00994734	0.0053026228931599
scaffold_1	1560000	1570000	Central Europe	0.0226754	0.0104738128108979
scaffold_1	1560000	1570000	East Siberia	0.0198722	0.0107853359173922
scaffold_1	1560000	1570000	Karelia	0.0179187	0.0061384740913088
scaffold_1	1560000	1570000	MIX Amur Basin	0.0137311	0.0084785209286952
scaffold_1	1560000	1570000	MIX Central Siberia	0.0142436	0.0040158155487804
scaffold_1	1560000	1570000	MIX Sibiryakov Island	0.0261904	0.0134355761961334
scaffold_1	1560000	1570000	North America	0.0140308	0.0067421567832611
scaffold_1	1560000	1570000	Northern Ural	0.0146872	0.0036913971324363
scaffold_1	1560000	1570000	Scandinavia	0.0284332	0.0126863861794997
scaffold_1	1560000	1570000	Siberia SC	0.00352501	0.0014806170453302
scaffold_1	1560000	1570000	West Siberia	0.0198665	0.0098283189418253
scaffold_1	1560000	1570000	admixed	0.0153561	0.0060663976782048
scaffold_1	1570000	1580000	Central Europe	0.00460121	0.0019062537152211
scaffold_1	1570000	1580000	East Siberia	0.0108088	0.0063315295620332
scaffold_1	1570000	1580000	Karelia	0.00771836	0.0035744226494104
scaffold_1	1570000	1580000	MIX Amur Basin	0.00797044	0.0070696803225327
scaffold_1	1570000	1580000	MIX Central Siberia	0.00744543	0.0034481987209996
scaffold_1	1570000	1580000	MIX Sibiryakov Island	0.0111132	0.0054988216810683
scaffold_1	1570000	1580000	North America	0.00955353	0.005701609466778
scaffold_1	1570000	1580000	Northern Ural	0.00788688	0.0038110283372325
scaffold_1	1570000	1580000	Scandinavia	0.0025137	0.0010233584439432
scaffold_1	1570000	1580000	Siberia SC	0.00063574	0.0005877237858494
scaffold_1	1570000	1580000	West Siberia	0.00451266	0.0018180742203554
scaffold_1	1570000	1580000	admixed	0.0118388	0.0068396912544798
scaffold_1	1580000	1590000	Central Europe	0.014052	0.0062066002525189
scaffold_1	1580000	1590000	East Siberia	0.0108227	0.0074860238545956
scaffold_1	1580000	1590000	Karelia	0.00354926	0.002282955770826
scaffold_1	1580000	1590000	MIX Amur Basin	0.00499066	0.0033241620554572
scaffold_1	1580000	1590000	MIX Central Siberia	0.0136273	0.0058393368809832
scaffold_1	1580000	1590000	MIX Sibiryakov Island	0.0118934	0.0065597021540643
scaffold_1	1580000	1590000	North America	0.0115683	0.0075461925780733
scaffold_1	1580000	1590000	Northern Ural	0.0118002	0.0041929137880083
scaffold_1	1580000	1590000	Scandinavia	0.0143088	0.0078568663897333
scaffold_1	1580000	1590000	Siberia SC	0.00775874	0.0040449576344989
scaffold_1	1580000	1590000	West Siberia	0.0152973	0.0094713447893174
scaffold_1	1580000	1590000	admixed	0.0146548	0.0079671154229873
scaffold_1	1590000	1600000	Central Europe	0.00929712	0.0050246506514519
scaffold_1	1590000	1600000	East Siberia	0.00742718	0.0054914136770543
scaffold_1	1590000	1600000	Karelia	0.00302862	0.0025762865270235
scaffold_1	1590000	1600000	MIX Amur Basin	0.00483549	0.0023602427503554
scaffold_1	1590000	1600000	MIX Central Siberia	0.00943375	0.004408798540053
scaffold_1	1590000	1600000	MIX Sibiryakov Island	0.00481002	0.0036181615386708
scaffold_1	1590000	1600000	North America	0.00845632	0.0045428140580891
scaffold_1	1590000	1600000	Northern Ural	0.00746571	0.0035026915507217
scaffold_1	1590000	1600000	Scandinavia	0.00402497	0.0021412781466567
scaffold_1	1590000	1600000	Siberia SC	0.00166658	0.001024076464376
scaffold_1	1590000	1600000	West Siberia	0.00857032	0.0069560333970831
scaffold_1	1590000	1600000	admixed	0.0110481	0.0079607463326235
scaffold_1	1600000	1610000	Central Europe	0.0109594	0.0043352999267017
scaffold_1	1600000	1610000	East Siberia	0.00489912	0.0021768245040939
scaffold_1	1600000	1610000	Karelia	0.00561509	0.002497548507445
scaffold_1	1600000	1610000	MIX Amur Basin	0.0109133	0.0058094163673811
scaffold_1	1600000	1610000	MIX Central Siberia	0.00656635	0.0020628851472168
scaffold_1	1600000	1610000	MIX Sibiryakov Island	0.00535904	0.0020466924642837
scaffold_1	1600000	1610000	North America	0.00813218	0.0033494988976741
scaffold_1	1600000	1610000	Northern Ural	0.00550486	0.0008966687667544
scaffold_1	1600000	1610000	Scandinavia	0.00868347	0.0042596420488166
scaffold_1	1600000	1610000	Siberia SC	0.000326368	7.061113941160747e-05
scaffold_1	1600000	1610000	West Siberia	0.00556861	0.0025602035263708
scaffold_1	1600000	1610000	admixed	0.00597679	0.0028453117584476
scaffold_1	1610000	1620000	Central Europe	0.0148499	0.0080892653421636
scaffold_1	1610000	1620000	East Siberia	0.00451757	0.002447033409851
scaffold_1	1610000	1620000	Karelia	0.00209675	0.0011576892351988
scaffold_1	1610000	1620000	MIX Amur Basin	0.0134245	0.0050682279280991
scaffold_1	1610000	1620000	MIX Central Siberia	0.00548771	0.0018020043547592
scaffold_1	1610000	1620000	MIX Sibiryakov Island	0.00414885	0.0022372597425498
scaffold_1	1610000	1620000	North America	0.00240878	0.001074732625685
scaffold_1	1610000	1620000	Northern Ural	0.00577078	0.0011820898908894
scaffold_1	1610000	1620000	Scandinavia	0.0160535	0.0065951176000008
scaffold_1	1610000	1620000	Siberia SC	0.000297928	0.0002038714558944
scaffold_1	1610000	1620000	West Siberia	0.00644441	0.0034034274998334
scaffold_1	1610000	1620000	admixed	0.00552792	0.0018614574351161
scaffold_1	1620000	1630000	Central Europe	0.00500145	0.0024023150135983
scaffold_1	1620000	1630000	East Siberia	0.0090781	0.0043098190375587
scaffold_1	1620000	1630000	Karelia	0.00146971	0.0007704365992152
scaffold_1	1620000	1630000	MIX Amur Basin	0.0107914	0.0053443283685807
scaffold_1	1620000	1630000	MIX Central Siberia	0.0126358	0.0044928770789469
scaffold_1	1620000	1630000	MIX Sibiryakov Island	0.005133	0.0038712467267716
scaffold_1	1620000	1630000	North America	0.00208227	0.0011994394258345
scaffold_1	1620000	1630000	Northern Ural	0.0114861	0.0029790398035844
scaffold_1	1620000	1630000	Scandinavia	0.0109716	0.0055724259734694
scaffold_1	1620000	1630000	Siberia SC	0.000448946	0.0003048288927405
scaffold_1	1620000	1630000	West Siberia	0.0063416	0.0048741838442326
scaffold_1	1620000	1630000	admixed	0.00951373	0.0033739361319809
scaffold_1	1630000	1640000	Central Europe	0.0109295	0.0034187971044179
scaffold_1	1630000	1640000	East Siberia	0.00843198	0.0031909764761929
scaffold_1	1630000	1640000	Karelia	0.00210776	0.0006489744970447
scaffold_1	1630000	1640000	MIX Amur Basin	0.00892556	0.0039235331970752
scaffold_1	1630000	1640000	MIX Central Siberia	0.0101956	0.0025274266480166
scaffold_1	1630000	1640000	MIX Sibiryakov Island	0.00793622	0.0025830391455222
scaffold_1	1630000	1640000	North America	0.00322888	0.0016429140757992
scaffold_1	1630000	1640000	Northern Ural	0.00897081	0.0016885453942121
scaffold_1	1630000	1640000	Scandinavia	0.00885201	0.003871923668356
scaffold_1	1630000	1640000	Siberia SC	0.000387485	6.819003198112499e-05
scaffold_1	1630000	1640000	West Siberia	0.00673606	0.0025163810576292
scaffold_1	1630000	1640000	admixed	0.0101498	0.0029738302934179
scaffold_1	1640000	1650000	Central Europe	0.0126789	0.0038592119488386
scaffold_1	1640000	1650000	East Siberia	0.00635983	0.0034268155245878
scaffold_1	1640000	1650000	Karelia	0.00620983	0.0031028201530656
scaffold_1	1640000	1650000	MIX Amur Basin	0.0120196	0.0062479612789924
scaffold_1	1640000	1650000	MIX Central Siberia	0.00723279	0.0025407830570766
scaffold_1	1640000	1650000	MIX Sibiryakov Island	0.00609655	0.002705885999442
scaffold_1	1640000	1650000	North America	0.00276433	0.0015409868985773
scaffold_1	1640000	1650000	Northern Ural	0.00807381	0.0023422828839067
scaffold_1	1640000	1650000	Scandinavia	0.00876885	0.0040700831831135
scaffold_1	1640000	1650000	Siberia SC	0.000321012	0.0001609681668446
scaffold_1	1640000	1650000	West Siberia	0.0072764	0.0036485356084429
scaffold_1	1640000	1650000	admixed	0.00865708	0.0042283943550172
scaffold_1	1650000	1660000	Central Europe	0.01225	0.00457774693699
scaffold_1	1650000	1660000	East Siberia	0.00866885	0.0045087229038434
scaffold_1	1650000	1660000	Karelia	0.00889512	0.0058683641003837
scaffold_1	1650000	1660000	MIX Amur Basin	0.0144951	0.0071790354547456
scaffold_1	1650000	1660000	MIX Central Siberia	0.00956331	0.0035362476309347
scaffold_1	1650000	1660000	MIX Sibiryakov Island	0.00837969	0.004325047488715
scaffold_1	1650000	1660000	North America	0.00795051	0.0056407492252302
scaffold_1	1650000	1660000	Northern Ural	0.00871709	0.0028105840519674
scaffold_1	1650000	1660000	Scandinavia	0.0102491	0.0063209861436868
scaffold_1	1650000	1660000	Siberia SC	0.00132244	0.0008224367388306
scaffold_1	1650000	1660000	West Siberia	0.00734271	0.0040070919893561
scaffold_1	1650000	1660000	admixed	0.00924812	0.0039702217964868
scaffold_1	1660000	1670000	Central Europe	0.00799118	0.0037862087728555
scaffold_1	1660000	1670000	East Siberia	0.00421128	0.0020991953571748
scaffold_1	1660000	1670000	Karelia	0.00322895	0.0014191672526002
scaffold_1	1660000	1670000	MIX Amur Basin	0.00904777	0.0050623197107245
scaffold_1	1660000	1670000	MIX Central Siberia	0.00493514	0.001483295929205
scaffold_1	1660000	1670000	MIX Sibiryakov Island	0.00474053	0.0023034849603669
scaffold_1	1660000	1670000	North America	0.00413375	0.0024357256503755
scaffold_1	1660000	1670000	Northern Ural	0.00537808	0.0012502473440865
scaffold_1	1660000	1670000	Scandinavia	0.0080347	0.0037270156149872
scaffold_1	1660000	1670000	Siberia SC	0.000948192	0.0004112506774938
scaffold_1	1660000	1670000	West Siberia	0.00376943	0.0023611981133621
scaffold_1	1660000	1670000	admixed	0.00697335	0.003384747911452
scaffold_1	1670000	1680000	Central Europe	0.00573748	0.001963766872505
scaffold_1	1670000	1680000	East Siberia	0.00402913	0.0021964205509718
scaffold_1	1670000	1680000	Karelia	0.000597632	0.000442714417821
scaffold_1	1670000	1680000	MIX Amur Basin	0.0068179	0.0030085794472207
scaffold_1	1670000	1680000	MIX Central Siberia	0.00441625	0.0014110391438083
scaffold_1	1670000	1680000	MIX Sibiryakov Island	0.00325141	0.001610571739657
scaffold_1	1670000	1680000	North America	0.0017253	0.0005919631063373
scaffold_1	1670000	1680000	Northern Ural	0.00546881	0.001361397682834
scaffold_1	1670000	1680000	Scandinavia	0.00552989	0.0025708855241486
scaffold_1	1670000	1680000	Siberia SC	0.000285779	0.0001580499072976
scaffold_1	1670000	1680000	West Siberia	0.00344844	0.0016528532912776
scaffold_1	1670000	1680000	admixed	0.00514734	0.0018998851827887
scaffold_1	1680000	1690000	Central Europe	0.00559482	0.0016408561212304
scaffold_1	1680000	1690000	East Siberia	0.00329181	0.001645568162653
scaffold_1	1680000	1690000	Karelia	0.000506718	0.0003575943141417
scaffold_1	1680000	1690000	MIX Amur Basin	0.00370067	0.0016682241573301
scaffold_1	1680000	1690000	MIX Central Siberia	0.00401599	0.0009977312652962
scaffold_1	1680000	1690000	MIX Sibiryakov Island	0.00358954	0.0013959007049298
scaffold_1	1680000	1690000	North America	0.00188875	0.0009720729044288
scaffold_1	1680000	1690000	Northern Ural	0.00427503	0.0007987840645337
scaffold_1	1680000	1690000	Scandinavia	0.00447306	0.002437802422277
scaffold_1	1680000	1690000	Siberia SC	0.000230667	0.0003229458967163
scaffold_1	1680000	1690000	West Siberia	0.00286657	0.0017160797315915
scaffold_1	1680000	1690000	admixed	0.00402784	0.0016516300976948
scaffold_1	1690000	1700000	Central Europe	0.00805376	0.0027035614440256
scaffold_1	1690000	1700000	East Siberia	0.00640551	0.003490055320211
scaffold_1	1690000	1700000	Karelia	0.00427761	0.0025899932903297
scaffold_1	1690000	1700000	MIX Amur Basin	0.00800658	0.0041347482131857
scaffold_1	1690000	1700000	MIX Central Siberia	0.0060149	0.0023036452735
scaffold_1	1690000	1700000	MIX Sibiryakov Island	0.005958	0.0030237032309632
scaffold_1	1690000	1700000	North America	0.00314659	0.0013388847041725
scaffold_1	1690000	1700000	Northern Ural	0.0084976	0.0024461099750281
scaffold_1	1690000	1700000	Scandinavia	0.00834411	0.0038080799669246
scaffold_1	1690000	1700000	Siberia SC	0.000181509	0.0001991266213769
scaffold_1	1690000	1700000	West Siberia	0.00651604	0.0036884812340253
scaffold_1	1690000	1700000	admixed	0.00872858	0.004558387477605
scaffold_1	1700000	1710000	Central Europe	0.00587558	0.0017083194403411
scaffold_1	1700000	1710000	East Siberia	0.00319903	0.0020584321261927
scaffold_1	1700000	1710000	Karelia	0.00240705	0.0015215436030277
scaffold_1	1700000	1710000	MIX Amur Basin	0.00580338	0.0036200381577158
scaffold_1	1700000	1710000	MIX Central Siberia	0.00351366	0.0015520846572103
scaffold_1	1700000	1710000	MIX Sibiryakov Island	0.0037453	0.0020908254578907
scaffold_1	1700000	1710000	North America	0.0050106	0.0030294672718969
scaffold_1	1700000	1710000	Northern Ural	0.00447875	0.001276163055381
scaffold_1	1700000	1710000	Scandinavia	0.0057187	0.0027194887115094
scaffold_1	1700000	1710000	Siberia SC	0.000386091	0.0001410206929311
scaffold_1	1700000	1710000	West Siberia	0.00335745	0.0022591502769148
scaffold_1	1700000	1710000	admixed	0.00457688	0.0025540649602425
scaffold_1	1710000	1720000	Central Europe	0.00405502	0.0008084067146285
scaffold_1	1710000	1720000	East Siberia	0.00376992	0.0015269591819634
scaffold_1	1710000	1720000	Karelia	0.00260254	0.0012190187512718
scaffold_1	1710000	1720000	MIX Amur Basin	0.00344553	0.001227130745203
scaffold_1	1710000	1720000	MIX Central Siberia	0.00378323	0.0011956490316484
scaffold_1	1710000	1720000	MIX Sibiryakov Island	0.00391301	0.001303315568395
scaffold_1	1710000	1720000	North America	0.00137448	0.0007652978816041
scaffold_1	1710000	1720000	Northern Ural	0.00492453	0.000989480740031
scaffold_1	1710000	1720000	Scandinavia	0.00163045	0.0007410317734782
scaffold_1	1710000	1720000	Siberia SC	0.000751063	0.0006631640930945
scaffold_1	1710000	1720000	West Siberia	0.00253131	0.0014486529319832
scaffold_1	1710000	1720000	admixed	0.0046424	0.0017387929897854
scaffold_1	1720000	1730000	Central Europe	0.00808276	0.0021430537205108
scaffold_1	1720000	1730000	East Siberia	0.00436073	0.0022227983924849
scaffold_1	1720000	1730000	Karelia	0.00375023	0.0013102115619845
scaffold_1	1720000	1730000	MIX Amur Basin	0.00894961	0.0049303104353335
scaffold_1	1720000	1730000	MIX Central Siberia	0.00396468	0.0009088591451388
scaffold_1	1720000	1730000	MIX Sibiryakov Island	0.0058253	0.0024418014828885
scaffold_1	1720000	1730000	North America	0.00348808	0.0014333571661659
scaffold_1	1720000	1730000	Northern Ural	0.00682333	0.0017101647587116
scaffold_1	1720000	1730000	Scandinavia	0.00510838	0.002507583762351
scaffold_1	1720000	1730000	Siberia SC	0.000420666	0.0002446229209621
scaffold_1	1720000	1730000	West Siberia	0.00434546	0.0022527061750428
scaffold_1	1720000	1730000	admixed	0.00520595	0.0023871587944367
scaffold_1	1730000	1740000	Central Europe	0.00879156	0.0029063033562999
scaffold_1	1730000	1740000	East Siberia	0.00459499	0.0019155137884361
scaffold_1	1730000	1740000	Karelia	0.00543711	0.0028826142989205
scaffold_1	1730000	1740000	MIX Amur Basin	0.00429255	0.0022642285170042
scaffold_1	1730000	1740000	MIX Central Siberia	0.00696792	0.0018521928099378
scaffold_1	1730000	1740000	MIX Sibiryakov Island	0.00634734	0.0026870016960696
scaffold_1	1730000	1740000	North America	0.00315307	0.0018912279396651
scaffold_1	1730000	1740000	Northern Ural	0.00699129	0.0014227059781726
scaffold_1	1730000	1740000	Scandinavia	0.00764009	0.002970650987485
scaffold_1	1730000	1740000	Siberia SC	0.000554049	0.0002604798396557
scaffold_1	1730000	1740000	West Siberia	0.00654482	0.0029248327350012
scaffold_1	1730000	1740000	admixed	0.00720865	0.0025911880639111
scaffold_1	1740000	1750000	Central Europe	0.0129279	0.0048750955255612
scaffold_1	1740000	1750000	East Siberia	0.00738291	0.0038567881806305
scaffold_1	1740000	1750000	Karelia	0.00286251	0.0017555314322683
scaffold_1	1740000	1750000	MIX Amur Basin	0.00668425	0.0030395538360863
scaffold_1	1740000	1750000	MIX Central Siberia	0.00829449	0.0028166645139908
scaffold_1	1740000	1750000	MIX Sibiryakov Island	0.00715269	0.003448325283419
scaffold_1	1740000	1750000	North America	0.0023925	0.0013137849262342
scaffold_1	1740000	1750000	Northern Ural	0.00721294	0.0011110945163294
scaffold_1	1740000	1750000	Scandinavia	0.00934373	0.0041295119775618
scaffold_1	1740000	1750000	Siberia SC	0.000597278	0.0002011125463129
scaffold_1	1740000	1750000	West Siberia	0.00705683	0.0039990030564971
scaffold_1	1740000	1750000	admixed	0.00896733	0.0044945878796455
scaffold_1	1750000	1760000	Central Europe	0.00970488	0.0032246166040902
scaffold_1	1750000	1760000	East Siberia	0.00482533	0.0025675005947831
scaffold_1	1750000	1760000	Karelia	0.00262671	0.0011884364868308
scaffold_1	1750000	1760000	MIX Amur Basin	0.00616614	0.0032365807519508
scaffold_1	1750000	1760000	MIX Central Siberia	0.00572132	0.001807368644524
scaffold_1	1750000	1760000	MIX Sibiryakov Island	0.00572924	0.0026432814829921
scaffold_1	1750000	1760000	North America	0.00210008	0.0010910312642299
scaffold_1	1750000	1760000	Northern Ural	0.00753413	0.0015284112379881
scaffold_1	1750000	1760000	Scandinavia	0.00902658	0.0036547712293209
scaffold_1	1750000	1760000	Siberia SC	0.00095399	0.0005669207758371
scaffold_1	1750000	1760000	West Siberia	0.00543245	0.0030560275833877
scaffold_1	1750000	1760000	admixed	0.00744417	0.0032920453671515
scaffold_1	1760000	1770000	Central Europe	0.0115354	0.0045304447780626
scaffold_1	1760000	1770000	East Siberia	0.00386244	0.0021479476599823
scaffold_1	1760000	1770000	Karelia	0.0039144	0.0016987091654033
scaffold_1	1760000	1770000	MIX Amur Basin	0.00366637	0.0024512687117377
scaffold_1	1760000	1770000	MIX Central Siberia	0.00508005	0.0016691106077484
scaffold_1	1760000	1770000	MIX Sibiryakov Island	0.00363717	0.0014958707424931
scaffold_1	1760000	1770000	North America	0.00259702	0.0010900236033272
scaffold_1	1760000	1770000	Northern Ural	0.00622573	0.0017087840176766
scaffold_1	1760000	1770000	Scandinavia	0.00985855	0.0047325470152139
scaffold_1	1760000	1770000	Siberia SC	0.000180828	0.0
scaffold_1	1760000	1770000	West Siberia	0.00367044	0.0015079905905786
scaffold_1	1760000	1770000	admixed	0.00661579	0.0027883602172327
scaffold_1	1770000	1780000	Central Europe	0.0105239	0.0023663947221709
scaffold_1	1770000	1780000	East Siberia	0.0033816	0.001283705252731
scaffold_1	1770000	1780000	Karelia	0.00189501	0.000822901182138
scaffold_1	1770000	1780000	MIX Amur Basin	0.0047534	0.0022688954871041
scaffold_1	1770000	1780000	MIX Central Siberia	0.00406221	0.0007021039290385
scaffold_1	1770000	1780000	MIX Sibiryakov Island	0.00375566	0.0015367456595109
scaffold_1	1770000	1780000	North America	0.00423657	0.0018849191627785
scaffold_1	1770000	1780000	Northern Ural	0.00466089	0.0006684075281657
scaffold_1	1770000	1780000	Scandinavia	0.00415199	0.0020657938882858
scaffold_1	1770000	1780000	Siberia SC	0.000562134	0.0004106397599852
scaffold_1	1770000	1780000	West Siberia	0.00386403	0.002071250376218
scaffold_1	1770000	1780000	admixed	0.00495411	0.0015052608258904
scaffold_1	1780000	1790000	Central Europe	0.01264	0.0049344402586364
scaffold_1	1780000	1790000	East Siberia	0.00673164	0.0037137342438465
scaffold_1	1780000	1790000	Karelia	0.00531336	0.0022256023483836
scaffold_1	1780000	1790000	MIX Amur Basin	0.0094047	0.0063236751264881
scaffold_1	1780000	1790000	MIX Central Siberia	0.00722874	0.0034033373149861
scaffold_1	1780000	1790000	MIX Sibiryakov Island	0.00522518	0.0030921993470224
scaffold_1	1780000	1790000	North America	0.00426604	0.0020586466205439
scaffold_1	1780000	1790000	Northern Ural	0.00693594	0.002116891998527
scaffold_1	1780000	1790000	Scandinavia	0.00868514	0.003556958450015
scaffold_1	1780000	1790000	Siberia SC	0.00064815	0.0001772225679156
scaffold_1	1780000	1790000	West Siberia	0.00564782	0.0027793395445023
scaffold_1	1780000	1790000	admixed	0.00774477	0.0038442324933586
scaffold_1	1790000	1800000	Central Europe	0.0131497	0.0043622726418326
scaffold_1	1790000	1800000	East Siberia	0.00434558	0.0020406379811007
scaffold_1	1790000	1800000	Karelia	0.00349996	0.0024459227980719
scaffold_1	1790000	1800000	MIX Amur Basin	0.00611737	0.0050275611904587
scaffold_1	1790000	1800000	MIX Central Siberia	0.00597263	0.0018288245914821
scaffold_1	1790000	1800000	MIX Sibiryakov Island	0.00445642	0.0027387557549285
scaffold_1	1790000	1800000	North America	0.00647873	0.00305253659435
scaffold_1	1790000	1800000	Northern Ural	0.00582227	0.0014858635408377
scaffold_1	1790000	1800000	Scandinavia	0.00758774	0.0038758639784733
scaffold_1	1790000	1800000	Siberia SC	0.000827024	0.0005373635600335
scaffold_1	1790000	1800000	West Siberia	0.00386226	0.0022886175756735
scaffold_1	1790000	1800000	admixed	0.00627824	0.0031571036769605
scaffold_1	1800000	1810000	Central Europe	0.00873437	0.0021862319098753
scaffold_1	1800000	1810000	East Siberia	0.00572866	0.0023066188185272
scaffold_1	1800000	1810000	Karelia	0.00363539	0.0010271827241032
scaffold_1	1800000	1810000	MIX Amur Basin	0.00767859	0.0030646466982768
scaffold_1	1800000	1810000	MIX Central Siberia	0.00701902	0.0021639015855298
scaffold_1	1800000	1810000	MIX Sibiryakov Island	0.00603547	0.0019231483200297
scaffold_1	1800000	1810000	North America	0.00504271	0.0026624926625402
scaffold_1	1800000	1810000	Northern Ural	0.00663003	0.0014902530031117
scaffold_1	1800000	1810000	Scandinavia	0.00536488	0.0020881195405241
scaffold_1	1800000	1810000	Siberia SC	0.000677044	0.0001219370100503
scaffold_1	1800000	1810000	West Siberia	0.00547935	0.0025722487063716
scaffold_1	1800000	1810000	admixed	0.00738248	0.002893877193183
scaffold_1	1810000	1820000	Central Europe	0.0105594	0.0048681357092591
scaffold_1	1810000	1820000	East Siberia	0.0114837	0.0072349374708295
scaffold_1	1810000	1820000	Karelia	0.00452994	0.0024267873843292
scaffold_1	1810000	1820000	MIX Amur Basin	0.00568501	0.0029361382105329
scaffold_1	1810000	1820000	MIX Central Siberia	0.00775614	0.0024164540192306
scaffold_1	1810000	1820000	MIX Sibiryakov Island	0.00934214	0.005807589986484
scaffold_1	1810000	1820000	North America	0.00373454	0.0020369045172057
scaffold_1	1810000	1820000	Northern Ural	0.00825065	0.0022660371107352
scaffold_1	1810000	1820000	Scandinavia	0.0130221	0.0077337761086873
scaffold_1	1810000	1820000	Siberia SC	0.000740093	0.0002769726608399
scaffold_1	1810000	1820000	West Siberia	0.0102279	0.0069996228329268
scaffold_1	1810000	1820000	admixed	0.0112864	0.0055272118909235
scaffold_1	1820000	1830000	Central Europe	0.00871105	0.0046687203706327
scaffold_1	1820000	1830000	East Siberia	0.00514731	0.0025938822782996
scaffold_1	1820000	1830000	Karelia	0.00458689	0.0009753560049418
scaffold_1	1820000	1830000	MIX Amur Basin	0.00549203	0.002808551424832
scaffold_1	1820000	1830000	MIX Central Siberia	0.00520937	0.001585411230147
scaffold_1	1820000	1830000	MIX Sibiryakov Island	0.00467016	0.0012616283350924
scaffold_1	1820000	1830000	North America	0.0057904	0.0031360698805047
scaffold_1	1820000	1830000	Northern Ural	0.00645795	0.0013722693512553
scaffold_1	1820000	1830000	Scandinavia	0.00539681	0.003011472943703
scaffold_1	1820000	1830000	Siberia SC	0.000880927	0.0002132191569874
scaffold_1	1820000	1830000	West Siberia	0.00474083	0.0032831899481806
scaffold_1	1820000	1830000	admixed	0.00568767	0.0032569401685509
scaffold_1	1830000	1840000	Central Europe	0.0136509	0.0071090726649878
scaffold_1	1830000	1840000	East Siberia	0.0132038	0.005392660868535
scaffold_1	1830000	1840000	Karelia	0.00620307	0.0030346379267242
scaffold_1	1830000	1840000	MIX Amur Basin	0.00913138	0.0056501546918116
scaffold_1	1830000	1840000	MIX Central Siberia	0.013169	0.0042389003280367
scaffold_1	1830000	1840000	MIX Sibiryakov Island	0.00561541	0.0024693096494183
scaffold_1	1830000	1840000	North America	0.011321	0.0062876375186161
scaffold_1	1830000	1840000	Northern Ural	0.0110023	0.0017042974209173
scaffold_1	1830000	1840000	Scandinavia	0.0173563	0.0077417336930694
scaffold_1	1830000	1840000	Siberia SC	0.000859309	0.0005163458466977
scaffold_1	1830000	1840000	West Siberia	0.0129201	0.0055151748458612
scaffold_1	1830000	1840000	admixed	0.0110796	0.0043639042916218
scaffold_1	1840000	1850000	Central Europe	0.008149	0.0029562277656644
scaffold_1	1840000	1850000	East Siberia	0.00397866	0.0024631373445949
scaffold_1	1840000	1850000	Karelia	0.00127809	0.0009381592749301
scaffold_1	1840000	1850000	MIX Amur Basin	0.00478572	0.0021657814162227
scaffold_1	1840000	1850000	MIX Central Siberia	0.00378285	0.0017672457491327
scaffold_1	1840000	1850000	MIX Sibiryakov Island	0.00464034	0.002797277503985
scaffold_1	1840000	1850000	North America	0.00441106	0.0023473471162386
scaffold_1	1840000	1850000	Northern Ural	0.00565639	0.0016582871544972
scaffold_1	1840000	1850000	Scandinavia	0.00412394	0.0018154075747365
scaffold_1	1840000	1850000	Siberia SC	0.000762759	0.0002581953814604
scaffold_1	1840000	1850000	West Siberia	0.00388723	0.0026910389399518
scaffold_1	1840000	1850000	admixed	0.00539709	0.0025718616990262
scaffold_1	1850000	1860000	Central Europe	0.0115852	0.00523873070976
scaffold_1	1850000	1860000	East Siberia	0.00371063	0.0026868859188228
scaffold_1	1850000	1860000	Karelia	0.00323582	0.0023701404068074
scaffold_1	1850000	1860000	MIX Amur Basin	0.00382932	0.0021932873954332
scaffold_1	1850000	1860000	MIX Central Siberia	0.00518112	0.0027359893812135
scaffold_1	1850000	1860000	MIX Sibiryakov Island	0.0101725	0.0053501396039444
scaffold_1	1850000	1860000	North America	0.00488123	0.0034707570066089
scaffold_1	1850000	1860000	Northern Ural	0.00778003	0.0037723873049011
scaffold_1	1850000	1860000	Scandinavia	0.00562154	0.0029289887926766
scaffold_1	1850000	1860000	Siberia SC	0.00103705	0.0006706727075659
scaffold_1	1850000	1860000	West Siberia	0.0100552	0.0060105919830946
scaffold_1	1850000	1860000	admixed	0.00764952	0.0041803255335699
scaffold_1	1860000	1870000	Central Europe	0.0125102	0.0038064411937749
scaffold_1	1860000	1870000	East Siberia	0.00839395	0.0046900040325927
scaffold_1	1860000	1870000	Karelia	0.00616439	0.002517388226393
scaffold_1	1860000	1870000	MIX Amur Basin	0.00575262	0.0028394166739521
scaffold_1	1860000	1870000	MIX Central Siberia	0.00796576	0.0020627604243267
scaffold_1	1860000	1870000	MIX Sibiryakov Island	0.0099384	0.0039112410518504
scaffold_1	1860000	1870000	North America	0.00225267	0.0011409341376122
scaffold_1	1860000	1870000	Northern Ural	0.0088354	0.0019995519783875
scaffold_1	1860000	1870000	Scandinavia	0.0109081	0.0059996015720996
scaffold_1	1860000	1870000	Siberia SC	0.00142609	0.0008432274849786
scaffold_1	1860000	1870000	West Siberia	0.00929635	0.0045618088022677
scaffold_1	1860000	1870000	admixed	0.00985831	0.0045357826092538
scaffold_1	1870000	1880000	Central Europe	0.0104324	0.0041134816036578
scaffold_1	1870000	1880000	East Siberia	0.00673292	0.003418368188421
scaffold_1	1870000	1880000	Karelia	0.00233206	0.0018050151372962
scaffold_1	1870000	1880000	MIX Amur Basin	0.00439939	0.002348697072082
scaffold_1	1870000	1880000	MIX Central Siberia	0.00743187	0.0022415249083069
scaffold_1	1870000	1880000	MIX Sibiryakov Island	0.00419435	0.0016311493275024
scaffold_1	1870000	1880000	North America	0.00219783	0.0011889935481163
scaffold_1	1870000	1880000	Northern Ural	0.00613517	0.0016276010522312
scaffold_1	1870000	1880000	Scandinavia	0.00871193	0.0047763908932811
scaffold_1	1870000	1880000	Siberia SC	0.000700205	0.000375280138695
scaffold_1	1870000	1880000	West Siberia	0.00652706	0.0030619532281966
scaffold_1	1870000	1880000	admixed	0.00711105	0.002811924917188
scaffold_1	1880000	1890000	Central Europe	0.0122373	0.0052760236282012
scaffold_1	1880000	1890000	East Siberia	0.0103551	0.0053389284312856
scaffold_1	1880000	1890000	Karelia	0.00706807	0.0037034790331963
scaffold_1	1880000	1890000	MIX Amur Basin	0.00565761	0.0038642225464937
scaffold_1	1880000	1890000	MIX Central Siberia	0.0114245	0.0037314240511948
scaffold_1	1880000	1890000	MIX Sibiryakov Island	0.00331493	0.0005601921508651
scaffold_1	1880000	1890000	North America	0.0020762	0.0009372028511764
scaffold_1	1880000	1890000	Northern Ural	0.00914403	0.0028607988759534
scaffold_1	1880000	1890000	Scandinavia	0.00917851	0.0049269187198393
scaffold_1	1880000	1890000	Siberia SC	0.000358105	0.0001873428957027
scaffold_1	1880000	1890000	West Siberia	0.0109353	0.0049443413821219
scaffold_1	1880000	1890000	admixed	0.0132153	0.0053693138424574
scaffold_1	1890000	1900000	Central Europe	0.0103931	0.0038361536706015
scaffold_1	1890000	1900000	East Siberia	0.00840238	0.0042359982417997
scaffold_1	1890000	1900000	Karelia	0.00726939	0.0021498548995193
scaffold_1	1890000	1900000	MIX Amur Basin	0.0111053	0.0040765371041701
scaffold_1	1890000	1900000	MIX Central Siberia	0.00817841	0.0023879385691097
scaffold_1	1890000	1900000	MIX Sibiryakov Island	0.00647592	0.0029183504677502
scaffold_1	1890000	1900000	North America	0.00285468	0.0018495586233815
scaffold_1	1890000	1900000	Northern Ural	0.00715123	0.0013954165847047
scaffold_1	1890000	1900000	Scandinavia	0.0114196	0.0046905740302868
scaffold_1	1890000	1900000	Siberia SC	0.000489093	0.0003252704972688
scaffold_1	1890000	1900000	West Siberia	0.00683604	0.0028858436234332
scaffold_1	1890000	1900000	admixed	0.0087978	0.0031958131884226
scaffold_1	1900000	1910000	Central Europe	0.0110896	0.006240973302985
scaffold_1	1900000	1910000	East Siberia	0.00961905	0.0061807579901625
scaffold_1	1900000	1910000	Karelia	0.00427406	0.0017021178199531
scaffold_1	1900000	1910000	MIX Amur Basin	0.0101401	0.0059208177230165
scaffold_1	1900000	1910000	MIX Central Siberia	0.00597666	0.0022737054138547
scaffold_1	1900000	1910000	MIX Sibiryakov Island	0.00990195	0.0060160068754364
scaffold_1	1900000	1910000	North America	0.00599438	0.0037497370358522
scaffold_1	1900000	1910000	Northern Ural	0.00620146	0.003019409562025
scaffold_1	1900000	1910000	Scandinavia	0.00839553	0.0065636069373324
scaffold_1	1900000	1910000	Siberia SC	0.000220765	6.647594401775858e-05
scaffold_1	1900000	1910000	West Siberia	0.0114459	0.0072440162356524
scaffold_1	1900000	1910000	admixed	0.0112583	0.0070615974064249
scaffold_1	1910000	1920000	Central Europe	0.0142842	0.0045346150988002
scaffold_1	1910000	1920000	East Siberia	0.0149773	0.0063291656581111
scaffold_1	1910000	1920000	Karelia	0.0032759	0.0011000269945274
scaffold_1	1910000	1920000	MIX Amur Basin	0.0120597	0.0055651557614889
scaffold_1	1910000	1920000	MIX Central Siberia	0.0123952	0.0033069374640327
scaffold_1	1910000	1920000	MIX Sibiryakov Island	0.0157235	0.007861186741
scaffold_1	1910000	1920000	North America	0.00470113	0.0026896237346996
scaffold_1	1910000	1920000	Northern Ural	0.0129473	0.003634749797799
scaffold_1	1910000	1920000	Scandinavia	0.00711908	0.0039260228297728
scaffold_1	1910000	1920000	Siberia SC	0.00078283	0.000717423068991
scaffold_1	1910000	1920000	West Siberia	0.0138609	0.0087192135706829
scaffold_1	1910000	1920000	admixed	0.0156568	0.0070698429537919
scaffold_1	1920000	1930000	Central Europe	0.0123928	0.0043259656310332
scaffold_1	1920000	1930000	East Siberia	0.0036933	0.0024446641941677
scaffold_1	1920000	1930000	Karelia	0.00256697	0.0015001041612652
scaffold_1	1920000	1930000	MIX Amur Basin	0.00572647	0.0035903166657531
scaffold_1	1920000	1930000	MIX Central Siberia	0.00479124	0.001806459740656
scaffold_1	1920000	1930000	MIX Sibiryakov Island	0.00421002	0.0030086474762027
scaffold_1	1920000	1930000	North America	0.00523078	0.0038983654026614
scaffold_1	1920000	1930000	Northern Ural	0.00427816	0.0009089514387172
scaffold_1	1920000	1930000	Scandinavia	0.00576937	0.0032669310822786
scaffold_1	1920000	1930000	Siberia SC	0.000594753	0.000484638565286
scaffold_1	1920000	1930000	West Siberia	0.00375564	0.0026259964138442
scaffold_1	1920000	1930000	admixed	0.00439963	0.0025081402823366
scaffold_1	1930000	1940000	Central Europe	0.014553	0.0053445511896923
scaffold_1	1930000	1940000	East Siberia	0.00997668	0.0057423766338791
scaffold_1	1930000	1940000	Karelia	0.00907057	0.0049285563115916
scaffold_1	1930000	1940000	MIX Amur Basin	0.0117159	0.0070764762377569
scaffold_1	1930000	1940000	MIX Central Siberia	0.0104399	0.0042608266617518
scaffold_1	1930000	1940000	MIX Sibiryakov Island	0.00811967	0.0045343385124574
scaffold_1	1930000	1940000	North America	0.0119495	0.0065144362984842
scaffold_1	1930000	1940000	Northern Ural	0.0102064	0.0025554183305351
scaffold_1	1930000	1940000	Scandinavia	0.0115448	0.0061067054937772
scaffold_1	1930000	1940000	Siberia SC	0.00234492	0.0010501260151218
scaffold_1	1930000	1940000	West Siberia	0.0104585	0.0057954484602363
scaffold_1	1930000	1940000	admixed	0.0134639	0.0058781007457008
scaffold_1	1940000	1950000	Central Europe	0.0177433	0.0069287181668595
scaffold_1	1940000	1950000	East Siberia	0.0161099	0.0079327096444674
scaffold_1	1940000	1950000	Karelia	0.00763349	0.0038575424985457
scaffold_1	1940000	1950000	MIX Amur Basin	0.0167776	0.0064600647132572
scaffold_1	1940000	1950000	MIX Central Siberia	0.0138763	0.003143293387382
scaffold_1	1940000	1950000	MIX Sibiryakov Island	0.01254	0.004488500854785
scaffold_1	1940000	1950000	North America	0.00895032	0.0049142487681196
scaffold_1	1940000	1950000	Northern Ural	0.0144653	0.0028254520334327
scaffold_1	1940000	1950000	Scandinavia	0.020719	0.0114472934958628
scaffold_1	1940000	1950000	Siberia SC	0.00179776	0.0007451958339445
scaffold_1	1940000	1950000	West Siberia	0.017775	0.0096633722225758
scaffold_1	1940000	1950000	admixed	0.0191268	0.0078415974984806
scaffold_1	1950000	1960000	Central Europe	0.0169991	0.0065541921037436
scaffold_1	1950000	1960000	East Siberia	0.0204249	0.0106303696219395
scaffold_1	1950000	1960000	Karelia	0.0109719	0.0056645537641181
scaffold_1	1950000	1960000	MIX Amur Basin	0.0245929	0.0132778435709083
scaffold_1	1950000	1960000	MIX Central Siberia	0.0195243	0.0050328638736077
scaffold_1	1950000	1960000	MIX Sibiryakov Island	0.0188863	0.0095161532463884
scaffold_1	1950000	1960000	North America	0.0101683	0.004776665281949
scaffold_1	1950000	1960000	Northern Ural	0.0180669	0.0031105704389635
scaffold_1	1950000	1960000	Scandinavia	0.0166967	0.0073975805748477
scaffold_1	1950000	1960000	Siberia SC	0.00124208	0.0004987657355168
scaffold_1	1950000	1960000	West Siberia	0.0202912	0.009836376403959
scaffold_1	1950000	1960000	admixed	0.0226653	0.0087654779380892
scaffold_1	1960000	1970000	Central Europe	0.0097728	0.003091599698776
scaffold_1	1960000	1970000	East Siberia	0.00398356	0.0017756095391764
scaffold_1	1960000	1970000	Karelia	0.000438643	0.0002999488231647
scaffold_1	1960000	1970000	MIX Amur Basin	0.00388826	0.0015129307357002
scaffold_1	1960000	1970000	MIX Central Siberia	0.00398069	0.0012389995114649
scaffold_1	1960000	1970000	MIX Sibiryakov Island	0.0102478	0.0039826568762718
scaffold_1	1960000	1970000	North America	0.0035454	0.0014098488340814
scaffold_1	1960000	1970000	Northern Ural	0.00677838	0.0014800605114759
scaffold_1	1960000	1970000	Scandinavia	0.0109218	0.0047083055700986
scaffold_1	1960000	1970000	Siberia SC	0.000620659	0.000328571173865
scaffold_1	1960000	1970000	West Siberia	0.00796195	0.0036340410131466
scaffold_1	1960000	1970000	admixed	0.00623014	0.0021417067059601
scaffold_1	1970000	1980000	Central Europe	0.0103273	0.0038619645917221
scaffold_1	1970000	1980000	East Siberia	0.00394212	0.0024261034641077
scaffold_1	1970000	1980000	Karelia	0.000910001	0.000295721562778
scaffold_1	1970000	1980000	MIX Amur Basin	0.00464586	0.0028267947992279
scaffold_1	1970000	1980000	MIX Central Siberia	0.00450578	0.0020964347122317
scaffold_1	1970000	1980000	MIX Sibiryakov Island	0.00431236	0.0034208855031156
scaffold_1	1970000	1980000	North America	0.00299247	0.0022838739756053
scaffold_1	1970000	1980000	Northern Ural	0.00536727	0.0020219971413451
scaffold_1	1970000	1980000	Scandinavia	0.00423575	0.0019611427377657
scaffold_1	1970000	1980000	Siberia SC	0.000148423	9.423624808240192e-05
scaffold_1	1970000	1980000	West Siberia	0.00443488	0.0025554189665214
scaffold_1	1970000	1980000	admixed	0.00479899	0.0028130461114775
scaffold_1	1980000	1990000	Central Europe	0.010253	0.003140059019875
scaffold_1	1980000	1990000	East Siberia	0.00579827	0.0024082911978067
scaffold_1	1980000	1990000	Karelia	0.00152823	0.0007336262020328
scaffold_1	1980000	1990000	MIX Amur Basin	0.00857685	0.0044621531128855
scaffold_1	1980000	1990000	MIX Central Siberia	0.00679938	0.0018450671201493
scaffold_1	1980000	1990000	MIX Sibiryakov Island	0.00336716	0.0014069039905268
scaffold_1	1980000	1990000	North America	0.00303996	0.001928471888374
scaffold_1	1980000	1990000	Northern Ural	0.00608658	0.0015359874052266
scaffold_1	1980000	1990000	Scandinavia	0.00674055	0.0030424018664898
scaffold_1	1980000	1990000	Siberia SC	0.000373556	0.0003922754050243
scaffold_1	1980000	1990000	West Siberia	0.00670897	0.0027935578994794
scaffold_1	1980000	1990000	admixed	0.00670683	0.0026041105495485
scaffold_1	1990000	2000000	Central Europe	0.0113177	0.005200075409704
scaffold_1	1990000	2000000	East Siberia	0.0138139	0.0078753666492219
scaffold_1	1990000	2000000	Karelia	0.00383224	0.0021628062858419
scaffold_1	1990000	2000000	MIX Amur Basin	0.0110602	0.0062031351102659
scaffold_1	1990000	2000000	MIX Central Siberia	0.0147151	0.0061887911018856
scaffold_1	1990000	2000000	MIX Sibiryakov Island	0.00597395	0.0034155123699262
scaffold_1	1990000	2000000	North America	0.00267784	0.0015694981819465
scaffold_1	1990000	2000000	Northern Ural	0.0144929	0.0062154747660126
scaffold_1	1990000	2000000	Scandinavia	0.0157315	0.0078164356134046
scaffold_1	1990000	2000000	Siberia SC	0.000215295	0.0002384493708241
scaffold_1	1990000	2000000	West Siberia	0.0135651	0.0079203932003798
scaffold_1	1990000	2000000	admixed	0.0166235	0.0081295398326959
