sample_id	tool	threads	window_set_baseline	window_set_compare	elapsed_sec_syn_win	elapsed_sec_syn_win_threads8	elapsed_ratio_threads8_over_syn_win	max_rss_kb_syn_win	max_rss_kb_syn_win_threads8	max_rss_ratio_threads8_over_syn_win
rohOutput_DemobneckLong10000_NeuTRUE_Mu7e-08_Matingoutc100_Rep0	piawka	1	syn_win.bed	syn_win_threads8.bed	19.038	19.093	1.0028889589242567	24176.0	24448.0	1.011250827266711
rohOutput_DemobneckLong10000_NeuTRUE_Mu7e-08_Matingoutc100_Rep0	pixy	1	syn_win.bed	syn_win_threads8.bed	5.322	8.68	1.6309658023299511	296768.0	189200.0	0.6375350442096183
rohOutput_DemobneckLong10000_NeuTRUE_Mu7e-08_Matingoutc100_Rep1	piawka	1	syn_win.bed	syn_win_threads8.bed	18.255	18.563	1.0168720898384005	23712.0	24288.0	1.0242914979757085
rohOutput_DemobneckLong10000_NeuTRUE_Mu7e-08_Matingoutc100_Rep1	pixy	1	syn_win.bed	syn_win_threads8.bed	4.896	8.953	1.8286356209150325	294784.0	175456.0	0.5952019105514547
rohOutput_DemobneckLong10000_NeuTRUE_Mu7e-08_Matingoutc100_Rep10	piawka	1	syn_win.bed	syn_win_threads8.bed	18.313	18.326	1.0007098782285808	23664.0	24080.0	1.017579445571332
rohOutput_DemobneckLong10000_NeuTRUE_Mu7e-08_Matingoutc100_Rep10	pixy	1	syn_win.bed	syn_win_threads8.bed	4.952	8.997	1.8168416801292406	292656.0	203264.0	0.6945492318626647
rohOutput_DemobneckLong10000_NeuTRUE_Mu7e-08_Matingoutc100_Rep11	piawka	1	syn_win.bed	syn_win_threads8.bed	19.497	19.241	0.9868697748371544	23488.0	24224.0	1.0313351498637602
rohOutput_DemobneckLong10000_NeuTRUE_Mu7e-08_Matingoutc100_Rep11	pixy	1	syn_win.bed	syn_win_threads8.bed	5.183	8.959	1.7285355971445109	305856.0	201280.0	0.6580874659970705
rohOutput_DemobneckLong10000_NeuTRUE_Mu7e-08_Matingoutc100_Rep14	piawka	1	syn_win.bed	syn_win_threads8.bed	18.1	18.391	1.0160773480662981	24080.0	24000.0	0.9966777408637874
rohOutput_DemobneckLong10000_NeuTRUE_Mu7e-08_Matingoutc100_Rep14	pixy	1	syn_win.bed	syn_win_threads8.bed	4.901	8.883	1.81248724750051	291888.0	214896.0	0.7362275941456997
rohOutput_DemobneckLong10000_NeuTRUE_Mu7e-08_Matingoutc100_Rep15	piawka	1	syn_win.bed	syn_win_threads8.bed	18.791	18.742	0.9973923686871374	24256.0	24208.0	0.9980211081794196
rohOutput_DemobneckLong10000_NeuTRUE_Mu7e-08_Matingoutc100_Rep15	pixy	1	syn_win.bed	syn_win_threads8.bed	4.929	9.022	1.8303915601541894	291216.0	205760.0	0.7065545849129169
rohOutput_DemobneckLong10000_NeuTRUE_Mu7e-08_Matingoutc100_Rep16	piawka	1	syn_win.bed	syn_win_threads8.bed	18.763	19.047	1.0151361722539038	23504.0	24576.0	1.0456092579986385
rohOutput_DemobneckLong10000_NeuTRUE_Mu7e-08_Matingoutc100_Rep16	pixy	1	syn_win.bed	syn_win_threads8.bed	5.167	9.003	1.7424037158892975	303760.0	196352.0	0.6464050566236502
rohOutput_DemobneckLong10000_NeuTRUE_Mu7e-08_Matingoutc100_Rep17	piawka	1	syn_win.bed	syn_win_threads8.bed	18.804	18.764	0.9978727930227611	23808.0	23840.0	1.0013440860215055
rohOutput_DemobneckLong10000_NeuTRUE_Mu7e-08_Matingoutc100_Rep17	pixy	1	syn_win.bed	syn_win_threads8.bed	4.89	8.951	1.830470347648262	297072.0	184624.0	0.6214789680616147
rohOutput_DemobneckLong10000_NeuTRUE_Mu7e-08_Matingoutc100_Rep18	piawka	1	syn_win.bed	syn_win_threads8.bed	19.28	18.991	0.9850103734439833	23552.0	23664.0	1.0047554347826086
rohOutput_DemobneckLong10000_NeuTRUE_Mu7e-08_Matingoutc100_Rep18	pixy	1	syn_win.bed	syn_win_threads8.bed	5.152	9.099	1.7661102484472049	301232.0	194672.0	0.6462527221543528
rohOutput_DemobneckLong10000_NeuTRUE_Mu7e-08_Matingoutc100_Rep2	piawka	1	syn_win.bed	syn_win_threads8.bed	19.044	19.244	1.0105019953791219	24208.0	24096.0	0.9953734302709848
rohOutput_DemobneckLong10000_NeuTRUE_Mu7e-08_Matingoutc100_Rep2	pixy	1	syn_win.bed	syn_win_threads8.bed	4.865	9.051	1.860431654676259	298560.0	216720.0	0.7258842443729904
rohOutput_DemobneckLong10000_NeuTRUE_Mu7e-08_Matingoutc100_Rep21	piawka	1	syn_win.bed	syn_win_threads8.bed	18.556	18.276	0.9849105410648846	23968.0	24208.0	1.0100133511348464
rohOutput_DemobneckLong10000_NeuTRUE_Mu7e-08_Matingoutc100_Rep21	pixy	1	syn_win.bed	syn_win_threads8.bed	4.906	8.92	1.8181818181818183	292896.0	207008.0	0.7067628100076477
rohOutput_DemobneckLong10000_NeuTRUE_Mu7e-08_Matingoutc100_Rep23	piawka	1	syn_win.bed	syn_win_threads8.bed	19.273	19.451	1.009235718362476	23552.0	23696.0	1.0061141304347827
rohOutput_DemobneckLong10000_NeuTRUE_Mu7e-08_Matingoutc100_Rep23	pixy	1	syn_win.bed	syn_win_threads8.bed	5.158	9.053	1.7551376502520357	303888.0	185600.0	0.610751329437161
rohOutput_DemobneckLong10000_NeuTRUE_Mu7e-08_Matingoutc100_Rep3	piawka	1	syn_win.bed	syn_win_threads8.bed	19.062	19.025	0.9980589654810617	24000.0	24304.0	1.0126666666666666
rohOutput_DemobneckLong10000_NeuTRUE_Mu7e-08_Matingoutc100_Rep3	pixy	1	syn_win.bed	syn_win_threads8.bed	4.907	9.046	1.8434888934175666	297312.0	201056.0	0.6762458292971693
rohOutput_DemobneckLong10000_NeuTRUE_Mu7e-08_Matingoutc100_Rep45	piawka	1	syn_win.bed	syn_win_threads8.bed	18.28	18.553	1.0149343544857767	23488.0	24208.0	1.0306539509536785
rohOutput_DemobneckLong10000_NeuTRUE_Mu7e-08_Matingoutc100_Rep45	pixy	1	syn_win.bed	syn_win_threads8.bed	4.904	8.929	1.8207585644371942	294736.0	209072.0	0.7093534552955866
rohOutput_DemobneckLong10000_NeuTRUE_Mu7e-08_Matingoutc100_Rep46	piawka	1	syn_win.bed	syn_win_threads8.bed	18.515	18.531	1.0008641641911962	23552.0	23952.0	1.0169836956521738
rohOutput_DemobneckLong10000_NeuTRUE_Mu7e-08_Matingoutc100_Rep46	pixy	1	syn_win.bed	syn_win_threads8.bed	4.927	8.939	1.8142886137609093	299520.0	181920.0	0.6073717948717948
rohOutput_DemobneckLong10000_NeuTRUE_Mu7e-08_Matingoutc100_Rep47	piawka	1	syn_win.bed	syn_win_threads8.bed	19.001	19.0	0.9999473711909899	23776.0	24064.0	1.012113055181696
rohOutput_DemobneckLong10000_NeuTRUE_Mu7e-08_Matingoutc100_Rep47	pixy	1	syn_win.bed	syn_win_threads8.bed	4.882	9.02	1.8476034412126179	293168.0	189840.0	0.64754679910495
rohOutput_DemobneckLong10000_NeuTRUE_Mu7e-08_Matingoutc100_Rep48	piawka	1	syn_win.bed	syn_win_threads8.bed	18.327	18.274	0.9971080918862879	23376.0	23952.0	1.0246406570841888
rohOutput_DemobneckLong10000_NeuTRUE_Mu7e-08_Matingoutc100_Rep48	pixy	1	syn_win.bed	syn_win_threads8.bed	4.92	8.961	1.8213414634146343	294496.0	187808.0	0.6377268282081929
rohOutput_DemobneckLong10000_NeuTRUE_Mu7e-08_Matingoutc100_Rep49	piawka	1	syn_win.bed	syn_win_threads8.bed	19.326	18.994	0.9828210700610576	23488.0	23680.0	1.008174386920981
rohOutput_DemobneckLong10000_NeuTRUE_Mu7e-08_Matingoutc100_Rep49	pixy	1	syn_win.bed	syn_win_threads8.bed	5.183	9.053	1.7466718116920705	296272.0	194400.0	0.6561538046119781
rohOutput_DemobneckLong10000_NeuTRUE_Mu7e-08_Matingoutc100_Rep50	piawka	1	syn_win.bed	syn_win_threads8.bed	18.071	18.322	1.0138896574622323	23616.0	23984.0	1.0155826558265582
rohOutput_DemobneckLong10000_NeuTRUE_Mu7e-08_Matingoutc100_Rep50	pixy	1	syn_win.bed	syn_win_threads8.bed	4.92	8.892	1.8073170731707315	295136.0	202336.0	0.6855686869782066
rohOutput_DemobneckLong10000_NeuTRUE_Mu7e-08_Matingoutc100_Rep51	piawka	1	syn_win.bed	syn_win_threads8.bed	18.045	18.045	1.0	23696.0	24016.0	1.013504388926401
rohOutput_DemobneckLong10000_NeuTRUE_Mu7e-08_Matingoutc100_Rep51	pixy	1	syn_win.bed	syn_win_threads8.bed	4.634	8.855	1.9108761329305135	286816.0	227232.0	0.7922570567890216
rohOutput_DemobneckLong10000_NeuTRUE_Mu7e-08_Matingoutc100_Rep52	piawka	1	syn_win.bed	syn_win_threads8.bed	19.286	19.762	1.0246811158353208	24064.0	24144.0	1.0033244680851063
rohOutput_DemobneckLong10000_NeuTRUE_Mu7e-08_Matingoutc100_Rep52	pixy	1	syn_win.bed	syn_win_threads8.bed	4.864	8.981	1.846422697368421	293472.0	207280.0	0.7063024751935448
rohOutput_DemobneckLong10000_NeuTRUE_Mu7e-08_Matingoutc100_Rep53	piawka	1	syn_win.bed	syn_win_threads8.bed	18.734	19.459	1.0386996904024766	23648.0	23968.0	1.013531799729364
rohOutput_DemobneckLong10000_NeuTRUE_Mu7e-08_Matingoutc100_Rep53	pixy	1	syn_win.bed	syn_win_threads8.bed	4.89	8.92	1.8241308793456035	295248.0	185632.0	0.6287324554273018
rohOutput_DemobneckLong10000_NeuTRUE_Mu7e-08_Matingoutc100_Rep54	piawka	1	syn_win.bed	syn_win_threads8.bed	19.559	19.233	0.9833324812106958	24416.0	23680.0	0.9698558322411533
rohOutput_DemobneckLong10000_NeuTRUE_Mu7e-08_Matingoutc100_Rep54	pixy	1	syn_win.bed	syn_win_threads8.bed	5.117	8.952	1.7494625757279656	301248.0	179792.0	0.5968238793286594
rohOutput_DemobneckLong10000_NeuTRUE_Mu7e-08_Matingoutc100_Rep55	piawka	1	syn_win.bed	syn_win_threads8.bed	18.776	18.996	1.011717085641244	23360.0	23968.0	1.026027397260274
rohOutput_DemobneckLong10000_NeuTRUE_Mu7e-08_Matingoutc100_Rep55	pixy	1	syn_win.bed	syn_win_threads8.bed	4.901	8.976	1.8314629667414817	293808.0	207728.0	0.707019550182432
rohOutput_DemobneckLong10000_NeuTRUE_Mu7e-08_Matingoutc100_Rep56	piawka	1	syn_win.bed	syn_win_threads8.bed	18.569	18.502	0.996391835855458	23696.0	23968.0	1.0114787305874409
rohOutput_DemobneckLong10000_NeuTRUE_Mu7e-08_Matingoutc100_Rep56	pixy	1	syn_win.bed	syn_win_threads8.bed	4.915	8.958	1.8225839267548323	294368.0	195792.0	0.6651266442004565
rohOutput_DemobneckLong10000_NeuTRUE_Mu7e-08_Matingoutc100_Rep57	piawka	1	syn_win.bed	syn_win_threads8.bed	18.79	18.771	0.9989888238424695	23680.0	24064.0	1.0162162162162163
rohOutput_DemobneckLong10000_NeuTRUE_Mu7e-08_Matingoutc100_Rep57	pixy	1	syn_win.bed	syn_win_threads8.bed	4.892	8.948	1.8291087489779232	296736.0	196688.0	0.6628383478917287
rohOutput_DemobneckLong10000_NeuTRUE_Mu7e-08_Matingoutc100_Rep58	piawka	1	syn_win.bed	syn_win_threads8.bed	18.969	18.955	0.9992619537139542	23296.0	23552.0	1.010989010989011
rohOutput_DemobneckLong10000_NeuTRUE_Mu7e-08_Matingoutc100_Rep58	pixy	1	syn_win.bed	syn_win_threads8.bed	4.9	9.017	1.8402040816326528	294560.0	210080.0	0.7131993481803368
rohOutput_DemobneckLong10000_NeuTRUE_Mu7e-08_Matingoutc100_Rep59	piawka	1	syn_win.bed	syn_win_threads8.bed	18.755	19.062	1.0163689682751267	23552.0	24096.0	1.0230978260869565
rohOutput_DemobneckLong10000_NeuTRUE_Mu7e-08_Matingoutc100_Rep59	pixy	1	syn_win.bed	syn_win_threads8.bed	4.884	8.905	1.823300573300573	295904.0	187984.0	0.6352871201470748
rohOutput_DemobneckLong10000_NeuTRUE_Mu7e-08_Matingoutc100_Rep6	piawka	1	syn_win.bed	syn_win_threads8.bed	18.744	18.778	1.0018139137857447	23568.0	23808.0	1.010183299389002
rohOutput_DemobneckLong10000_NeuTRUE_Mu7e-08_Matingoutc100_Rep6	pixy	1	syn_win.bed	syn_win_threads8.bed	5.169	8.928	1.727219965177017	295024.0	177024.0	0.6000325397255817
rohOutput_DemobneckLong10000_NeuTRUE_Mu7e-08_Matingoutc100_Rep60	piawka	1	syn_win.bed	syn_win_threads8.bed	18.316	18.27	0.9974885346145447	23616.0	24032.0	1.0176151761517616
rohOutput_DemobneckLong10000_NeuTRUE_Mu7e-08_Matingoutc100_Rep60	pixy	1	syn_win.bed	syn_win_threads8.bed	4.898	8.566	1.7488770926908945	297184.0	201664.0	0.6785829654355551
rohOutput_DemobneckLong10000_NeuTRUE_Mu7e-08_Matingoutc100_Rep61	piawka	1	syn_win.bed	syn_win_threads8.bed	18.783	18.786	1.0001597188947453	23856.0	24304.0	1.0187793427230047
rohOutput_DemobneckLong10000_NeuTRUE_Mu7e-08_Matingoutc100_Rep61	pixy	1	syn_win.bed	syn_win_threads8.bed	4.865	8.574	1.7623843782117163	297824.0	205440.0	0.6898033738046632
rohOutput_DemobneckLong10000_NeuTRUE_Mu7e-08_Matingoutc100_Rep62	piawka	1	syn_win.bed	syn_win_threads8.bed	19.066	19.031	0.9981642714780237	24112.0	24368.0	1.010617120106171
rohOutput_DemobneckLong10000_NeuTRUE_Mu7e-08_Matingoutc100_Rep62	pixy	1	syn_win.bed	syn_win_threads8.bed	4.866	8.886	1.8261405672009865	293920.0	217504.0	0.7400108873162765
rohOutput_DemobneckLong10000_NeuTRUE_Mu7e-08_Matingoutc100_Rep63	piawka	1	syn_win.bed	syn_win_threads8.bed	19.256	19.338	1.0042584129621936	23936.0	24928.0	1.0414438502673797
rohOutput_DemobneckLong10000_NeuTRUE_Mu7e-08_Matingoutc100_Rep63	pixy	1	syn_win.bed	syn_win_threads8.bed	5.172	8.943	1.7291183294663572	295920.0	217856.0	0.7361989726953231
rohOutput_DemobneckLong10000_NeuTRUE_Mu7e-08_Matingoutc100_Rep64	piawka	1	syn_win.bed	syn_win_threads8.bed	19.421	19.39	0.9984037897121673	23920.0	24416.0	1.0207357859531772
rohOutput_DemobneckLong10000_NeuTRUE_Mu7e-08_Matingoutc100_Rep64	pixy	1	syn_win.bed	syn_win_threads8.bed	5.076	8.715	1.7169030732860522	298432.0	214944.0	0.7202444778039888
rohOutput_DemobneckLong10000_NeuTRUE_Mu7e-08_Matingoutc100_Rep65	piawka	1	syn_win.bed	syn_win_threads8.bed	18.543	18.487	0.996979992449981	23536.0	23872.0	1.0142760027192386
rohOutput_DemobneckLong10000_NeuTRUE_Mu7e-08_Matingoutc100_Rep65	pixy	1	syn_win.bed	syn_win_threads8.bed	4.891	8.966	1.83316295236148	290832.0	188608.0	0.6485118556417451
rohOutput_DemobneckLong10000_NeuTRUE_Mu7e-08_Matingoutc100_Rep66	piawka	1	syn_win.bed	syn_win_threads8.bed	18.492	18.744	1.0136275146009084	23440.0	23632.0	1.0081911262798635
rohOutput_DemobneckLong10000_NeuTRUE_Mu7e-08_Matingoutc100_Rep66	pixy	1	syn_win.bed	syn_win_threads8.bed	4.889	8.918	1.8240949069339332	295168.0	210448.0	0.7129770164787511
rohOutput_DemobneckLong10000_NeuTRUE_Mu7e-08_Matingoutc100_Rep67	piawka	1	syn_win.bed	syn_win_threads8.bed	18.27	18.51	1.0131362889983582	23344.0	24080.0	1.0315284441398218
rohOutput_DemobneckLong10000_NeuTRUE_Mu7e-08_Matingoutc100_Rep67	pixy	1	syn_win.bed	syn_win_threads8.bed	4.905	8.859	1.8061162079510702	294720.0	206224.0	0.699728555917481
rohOutput_DemobneckLong10000_NeuTRUE_Mu7e-08_Matingoutc100_Rep68	piawka	1	syn_win.bed	syn_win_threads8.bed	18.253	18.264	1.000602640661809	23488.0	23632.0	1.0061307901907357
rohOutput_DemobneckLong10000_NeuTRUE_Mu7e-08_Matingoutc100_Rep68	pixy	1	syn_win.bed	syn_win_threads8.bed	4.925	8.907	1.808527918781726	290880.0	182736.0	0.6282178217821782
rohOutput_DemobneckLong10000_NeuTRUE_Mu7e-08_Matingoutc100_Rep69	piawka	1	syn_win.bed	syn_win_threads8.bed	18.971	18.935	0.9981023667703336	23648.0	23920.0	1.0115020297699595
rohOutput_DemobneckLong10000_NeuTRUE_Mu7e-08_Matingoutc100_Rep69	pixy	1	syn_win.bed	syn_win_threads8.bed	4.867	8.976	1.8442572426546129	293408.0	173440.0	0.5911222597884175
rohOutput_DemobneckLong10000_NeuTRUE_Mu7e-08_Matingoutc100_Rep70	piawka	1	syn_win.bed	syn_win_threads8.bed	18.46	18.511	1.0027627302275188	23392.0	23744.0	1.015047879616963
rohOutput_DemobneckLong10000_NeuTRUE_Mu7e-08_Matingoutc100_Rep70	pixy	1	syn_win.bed	syn_win_threads8.bed	4.928	8.901	1.8062094155844155	294960.0	194848.0	0.6605912666124221
rohOutput_DemobneckLong10000_NeuTRUE_Mu7e-08_Matingoutc100_Rep71	piawka	1	syn_win.bed	syn_win_threads8.bed	18.795	18.799	1.000212822559191	23952.0	23776.0	0.9926519706078825
rohOutput_DemobneckLong10000_NeuTRUE_Mu7e-08_Matingoutc100_Rep71	pixy	1	syn_win.bed	syn_win_threads8.bed	4.894	8.898	1.818144666939109	297072.0	192752.0	0.6488393386115151
rohOutput_DemobneckLong10000_NeuTRUE_Mu7e-08_Matingoutc100_Rep72	piawka	1	syn_win.bed	syn_win_threads8.bed	18.264	18.513	1.0136333771353483	23664.0	24192.0	1.0223123732251522
rohOutput_DemobneckLong10000_NeuTRUE_Mu7e-08_Matingoutc100_Rep72	pixy	1	syn_win.bed	syn_win_threads8.bed	4.919	8.925	1.8143931693433628	292688.0	207360.0	0.7084677198928552
rohOutput_DemobneckLong10000_NeuTRUE_Mu7e-08_Matingoutc100_Rep73	piawka	1	syn_win.bed	syn_win_threads8.bed	18.752	18.729	0.9987734641638225	23536.0	23760.0	1.009517335146159
rohOutput_DemobneckLong10000_NeuTRUE_Mu7e-08_Matingoutc100_Rep73	pixy	1	syn_win.bed	syn_win_threads8.bed	4.894	8.957	1.830200245198202	294032.0	178352.0	0.6065734341840344
rohOutput_DemobneckLong10000_NeuTRUE_Mu7e-08_Matingoutc100_Rep74	piawka	1	syn_win.bed	syn_win_threads8.bed	18.248	18.501	1.0138645330995177	23344.0	23904.0	1.023989033584647
rohOutput_DemobneckLong10000_NeuTRUE_Mu7e-08_Matingoutc100_Rep74	pixy	1	syn_win.bed	syn_win_threads8.bed	4.899	8.908	1.8183302714839762	291808.0	201584.0	0.6908103958767409
rohOutput_DemobneckLong10000_NeuTRUE_Mu7e-08_Matingoutc100_Rep75	piawka	1	syn_win.bed	syn_win_threads8.bed	6.676	6.663	0.9980527261833433	22976.0	17776.0	0.7736768802228412
rohOutput_DemobneckLong10000_NeuTRUE_Mu7e-08_Matingoutc100_Rep75	pixy	1	syn_win.bed	syn_win_threads8.bed	2.552	6.454	2.5289968652037618	172288.0	148336.0	0.8609769687964339
rohOutput_DemobneckLong10000_NeuTRUE_Mu7e-08_Matingoutc100_Rep76	piawka	1	syn_win.bed	syn_win_threads8.bed	18.689	18.703	1.0007491037508696	23904.0	24000.0	1.0040160642570282
rohOutput_DemobneckLong10000_NeuTRUE_Mu7e-08_Matingoutc100_Rep76	pixy	1	syn_win.bed	syn_win_threads8.bed	4.88	8.992	1.8426229508196723	293856.0	190848.0	0.6494609604704344
rohOutput_DemobneckLong10000_NeuTRUE_Mu7e-08_Matingoutc100_Rep77	piawka	1	syn_win.bed	syn_win_threads8.bed	18.498	18.475	0.99875662233755	23408.0	23408.0	1.0
rohOutput_DemobneckLong10000_NeuTRUE_Mu7e-08_Matingoutc100_Rep77	pixy	1	syn_win.bed	syn_win_threads8.bed	4.926	8.912	1.8091758018676412	288784.0	191104.0	0.6617541138013187
rohOutput_DemobneckLong10000_NeuTRUE_Mu7e-08_Matingoutc100_Rep78	piawka	1	syn_win.bed	syn_win_threads8.bed	18.951	18.767	0.9902907498285051	23232.0	23744.0	1.022038567493113
rohOutput_DemobneckLong10000_NeuTRUE_Mu7e-08_Matingoutc100_Rep78	pixy	1	syn_win.bed	syn_win_threads8.bed	4.893	8.929	1.8248518291436748	295840.0	182592.0	0.6171984856679286
rohOutput_DemobneckLong10000_NeuTRUE_Mu7e-08_Matingoutc100_Rep79	piawka	1	syn_win.bed	syn_win_threads8.bed	19.025	19.248	1.0117214191852826	23840.0	23600.0	0.9899328859060402
rohOutput_DemobneckLong10000_NeuTRUE_Mu7e-08_Matingoutc100_Rep79	pixy	1	syn_win.bed	syn_win_threads8.bed	5.144	8.932	1.7363919129082426	294224.0	196288.0	0.6671379629126108
rohOutput_DemobneckLong10000_NeuTRUE_Mu7e-08_Matingoutc100_Rep80	piawka	1	syn_win.bed	syn_win_threads8.bed	18.542	18.507	0.998112393485061	23376.0	23696.0	1.0136892539356606
rohOutput_DemobneckLong10000_NeuTRUE_Mu7e-08_Matingoutc100_Rep80	pixy	1	syn_win.bed	syn_win_threads8.bed	4.9	8.867	1.809591836734694	289232.0	199664.0	0.6903247220224594
rohOutput_DemobneckLong10000_NeuTRUE_Mu7e-08_Matingoutc100_Rep81	piawka	1	syn_win.bed	syn_win_threads8.bed	18.269	18.483	1.0117138321747223	23616.0	23696.0	1.0033875338753389
rohOutput_DemobneckLong10000_NeuTRUE_Mu7e-08_Matingoutc100_Rep81	pixy	1	syn_win.bed	syn_win_threads8.bed	4.891	8.9	1.8196687793907178	297728.0	174608.0	0.5864681857265692
rohOutput_DemobneckLong10000_NeuTRUE_Mu7e-08_Matingoutc100_Rep82	piawka	1	syn_win.bed	syn_win_threads8.bed	18.272	18.54	1.0146672504378285	23024.0	23920.0	1.038915913829048
rohOutput_DemobneckLong10000_NeuTRUE_Mu7e-08_Matingoutc100_Rep82	pixy	1	syn_win.bed	syn_win_threads8.bed	4.921	8.833	1.7949603739077422	293120.0	196000.0	0.6686681222707423
rohOutput_DemobneckLong10000_NeuTRUE_Mu7e-08_Matingoutc100_Rep83	piawka	1	syn_win.bed	syn_win_threads8.bed	18.797	18.792	0.9997340001064	23552.0	23776.0	1.0095108695652173
rohOutput_DemobneckLong10000_NeuTRUE_Mu7e-08_Matingoutc100_Rep83	pixy	1	syn_win.bed	syn_win_threads8.bed	4.9	8.881	1.8124489795918366	292960.0	184672.0	0.6303659202621519
rohOutput_DemobneckLong10000_NeuTRUE_Mu7e-08_Matingoutc100_Rep84	piawka	1	syn_win.bed	syn_win_threads8.bed	18.51	18.766	1.0138303619665043	23584.0	23536.0	0.9979647218453188
rohOutput_DemobneckLong10000_NeuTRUE_Mu7e-08_Matingoutc100_Rep84	pixy	1	syn_win.bed	syn_win_threads8.bed	4.885	8.912	1.8243602865916073	295792.0	186688.0	0.6311462108508682
rohOutput_DemobneckLong10000_NeuTRUE_Mu7e-08_Matingoutc100_Rep85	piawka	1	syn_win.bed	syn_win_threads8.bed	18.499	18.491	0.999567544191578	23664.0	23984.0	1.013522650439486
rohOutput_DemobneckLong10000_NeuTRUE_Mu7e-08_Matingoutc100_Rep85	pixy	1	syn_win.bed	syn_win_threads8.bed	4.872	8.919	1.830665024630542	289712.0	196528.0	0.6783564367371735
rohOutput_DemobneckLong10000_NeuTRUE_Mu7e-08_Matingoutc100_Rep86	piawka	1	syn_win.bed	syn_win_threads8.bed	18.014	18.049	1.00194293327412	23616.0	23728.0	1.0047425474254743
rohOutput_DemobneckLong10000_NeuTRUE_Mu7e-08_Matingoutc100_Rep86	pixy	1	syn_win.bed	syn_win_threads8.bed	4.893	8.84	1.8066625791947681	289264.0	194736.0	0.673212013938824
rohOutput_DemobneckLong10000_NeuTRUE_Mu7e-08_Matingoutc100_Rep88	piawka	1	syn_win.bed	syn_win_threads8.bed	19.218	19.228	1.0005203455094183	23536.0	23744.0	1.008837525492862
rohOutput_DemobneckLong10000_NeuTRUE_Mu7e-08_Matingoutc100_Rep88	pixy	1	syn_win.bed	syn_win_threads8.bed	5.156	8.959	1.737587276958883	298464.0	164752.0	0.5519995711375576
rohOutput_DemobneckLong10000_NeuTRUE_Mu7e-08_Matingoutc100_Rep89	piawka	1	syn_win.bed	syn_win_threads8.bed	18.788	18.765	0.9987758143495848	23552.0	23920.0	1.015625
rohOutput_DemobneckLong10000_NeuTRUE_Mu7e-08_Matingoutc100_Rep89	pixy	1	syn_win.bed	syn_win_threads8.bed	4.898	8.985	1.8344222131482237	295120.0	194592.0	0.6593656817565736
rohOutput_DemobneckLong10000_NeuTRUE_Mu7e-08_Matingoutc100_Rep9	piawka	1	syn_win.bed	syn_win_threads8.bed	19.213	19.256	1.0022380679748086	23376.0	23808.0	1.0184804928131417
rohOutput_DemobneckLong10000_NeuTRUE_Mu7e-08_Matingoutc100_Rep9	pixy	1	syn_win.bed	syn_win_threads8.bed	4.872	8.959	1.8388752052545156	295488.0	192320.0	0.6508555338964696
rohOutput_DemobneckLong10000_NeuTRUE_Mu7e-08_Matingoutc100_Rep92	piawka	1	syn_win.bed	syn_win_threads8.bed	18.501	18.484	0.9990811307496892	23600.0	23968.0	1.015593220338983
rohOutput_DemobneckLong10000_NeuTRUE_Mu7e-08_Matingoutc100_Rep92	pixy	1	syn_win.bed	syn_win_threads8.bed	4.893	8.863	1.8113631718781933	292736.0	190896.0	0.6521097507651946
rohOutput_DemobneckLong10000_NeuTRUE_Mu7e-08_Matingoutc100_Rep93	piawka	1	syn_win.bed	syn_win_threads8.bed	18.46	18.724	1.0143011917659805	23344.0	23696.0	1.0150788211103496
rohOutput_DemobneckLong10000_NeuTRUE_Mu7e-08_Matingoutc100_Rep93	pixy	1	syn_win.bed	syn_win_threads8.bed	4.895	8.916	1.821450459652707	295248.0	200128.0	0.6778301631171083
rohOutput_DemobneckLong10000_NeuTRUE_Mu7e-08_Matingoutc100_Rep94	piawka	1	syn_win.bed	syn_win_threads8.bed	18.503	18.49	0.9992974112306111	23152.0	23856.0	1.0304077401520386
rohOutput_DemobneckLong10000_NeuTRUE_Mu7e-08_Matingoutc100_Rep94	pixy	1	syn_win.bed	syn_win_threads8.bed	4.886	8.935	1.8286942284076955	293872.0	194224.0	0.6609135950345729
rohOutput_DemobneckLong10000_NeuTRUE_Mu7e-08_Matingoutc100_Rep95	piawka	1	syn_win.bed	syn_win_threads8.bed	18.968	19.008	1.0021088148460564	23424.0	23856.0	1.0184426229508197
rohOutput_DemobneckLong10000_NeuTRUE_Mu7e-08_Matingoutc100_Rep95	pixy	1	syn_win.bed	syn_win_threads8.bed	5.149	8.952	1.7385900174791222	295840.0	175792.0	0.5942130881557599
rohOutput_DemobneckLong10000_NeuTRUE_Mu7e-08_Matingoutc100_Rep96	piawka	1	syn_win.bed	syn_win_threads8.bed	18.79	18.484	0.983714741883981	23472.0	24016.0	1.0231765507839128
rohOutput_DemobneckLong10000_NeuTRUE_Mu7e-08_Matingoutc100_Rep96	pixy	1	syn_win.bed	syn_win_threads8.bed	4.918	8.864	1.802358682391216	296224.0	183280.0	0.6187209679161716
rohOutput_Demoonepop10000_NeuTRUE_Mu7e-08_Matingoutc100_Rep1	piawka	1	syn_win.bed	syn_win_threads8.bed	39.165	39.045	0.9969360398314823	23472.0	24064.0	1.025221540558964
rohOutput_Demoonepop10000_NeuTRUE_Mu7e-08_Matingoutc100_Rep1	pixy	1	syn_win.bed	syn_win_threads8.bed	8.913	12.755	1.4310557612476158	492656.0	160160.0	0.32509499529083175
rohOutput_Demoonepop10000_NeuTRUE_Mu7e-08_Matingoutc100_Rep11	piawka	1	syn_win.bed	syn_win_threads8.bed	38.95	39.047	1.0024903722721437	23248.0	23680.0	1.018582243633861
rohOutput_Demoonepop10000_NeuTRUE_Mu7e-08_Matingoutc100_Rep11	pixy	1	syn_win.bed	syn_win_threads8.bed	8.945	12.831	1.4344326439351591	500000.0	170400.0	0.3408
rohOutput_Demoonepop10000_NeuTRUE_Mu7e-08_Matingoutc100_Rep12	piawka	1	syn_win.bed	syn_win_threads8.bed	38.617	38.657	1.0010358132428723	23680.0	23664.0	0.9993243243243243
rohOutput_Demoonepop10000_NeuTRUE_Mu7e-08_Matingoutc100_Rep12	pixy	1	syn_win.bed	syn_win_threads8.bed	8.97	12.796	1.4265328874024525	504112.0	157744.0	0.31291459040848063
rohOutput_Demoonepop10000_NeuTRUE_Mu7e-08_Matingoutc100_Rep13	piawka	1	syn_win.bed	syn_win_threads8.bed	39.161	39.38	1.0055922984602028	23776.0	23760.0	0.9993270524899058
rohOutput_Demoonepop10000_NeuTRUE_Mu7e-08_Matingoutc100_Rep13	pixy	1	syn_win.bed	syn_win_threads8.bed	8.908	12.846	1.44207453973956	502000.0	161568.0	0.32184860557768924
rohOutput_Demoonepop10000_NeuTRUE_Mu7e-08_Matingoutc100_Rep14	piawka	1	syn_win.bed	syn_win_threads8.bed	39.96	40.014	1.0013513513513514	23504.0	24256.0	1.0319945541184479
rohOutput_Demoonepop10000_NeuTRUE_Mu7e-08_Matingoutc100_Rep14	pixy	1	syn_win.bed	syn_win_threads8.bed	8.962	12.818	1.4302611024324927	507344.0	170656.0	0.3363713772115172
rohOutput_Demoonepop10000_NeuTRUE_Mu7e-08_Matingoutc100_Rep15	piawka	1	syn_win.bed	syn_win_threads8.bed	39.044	39.101	1.0014598914045694	23568.0	24080.0	1.021724372029871
rohOutput_Demoonepop10000_NeuTRUE_Mu7e-08_Matingoutc100_Rep15	pixy	1	syn_win.bed	syn_win_threads8.bed	8.982	12.767	1.4213983522600757	501488.0	168912.0	0.3368216188622659
rohOutput_Demoonepop10000_NeuTRUE_Mu7e-08_Matingoutc100_Rep16	piawka	1	syn_win.bed	syn_win_threads8.bed	38.98	39.839	1.0220369420215496	23888.0	24512.0	1.0261219022103147
rohOutput_Demoonepop10000_NeuTRUE_Mu7e-08_Matingoutc100_Rep16	pixy	1	syn_win.bed	syn_win_threads8.bed	9.004	12.832	1.4251443802754333	499248.0	173168.0	0.34685767394160816
rohOutput_Demoonepop10000_NeuTRUE_Mu7e-08_Matingoutc100_Rep17	piawka	1	syn_win.bed	syn_win_threads8.bed	38.74	38.952	1.0054723799690242	23664.0	24192.0	1.0223123732251522
rohOutput_Demoonepop10000_NeuTRUE_Mu7e-08_Matingoutc100_Rep17	pixy	1	syn_win.bed	syn_win_threads8.bed	8.955	13.014	1.4532663316582914	504656.0	165664.0	0.32827113915221456
rohOutput_Demoonepop10000_NeuTRUE_Mu7e-08_Matingoutc100_Rep18	piawka	1	syn_win.bed	syn_win_threads8.bed	39.589	38.951	0.9838844123367603	23824.0	24240.0	1.0174613834788448
rohOutput_Demoonepop10000_NeuTRUE_Mu7e-08_Matingoutc100_Rep18	pixy	1	syn_win.bed	syn_win_threads8.bed	9.148	12.88	1.4079580236117186	501056.0	184128.0	0.367479882488185
rohOutput_Demoonepop10000_NeuTRUE_Mu7e-08_Matingoutc100_Rep19	piawka	1	syn_win.bed	syn_win_threads8.bed	39.522	39.178	0.99129598704519	23968.0	24096.0	1.0053404539385848
rohOutput_Demoonepop10000_NeuTRUE_Mu7e-08_Matingoutc100_Rep19	pixy	1	syn_win.bed	syn_win_threads8.bed	9.287	12.805	1.3788090879724344	509504.0	185280.0	0.36364778294184147
rohOutput_Demoonepop10000_NeuTRUE_Mu7e-08_Matingoutc100_Rep20	piawka	1	syn_win.bed	syn_win_threads8.bed	39.506	39.187	0.9919252771730875	24208.0	23856.0	0.985459352280238
rohOutput_Demoonepop10000_NeuTRUE_Mu7e-08_Matingoutc100_Rep20	pixy	1	syn_win.bed	syn_win_threads8.bed	8.957	12.755	1.42402590152953	502592.0	181232.0	0.36059467719342925
rohOutput_Demoonepop10000_NeuTRUE_Mu7e-08_Matingoutc100_Rep21	piawka	1	syn_win.bed	syn_win_threads8.bed	39.258	39.29	1.0008151204849967	24512.0	23808.0	0.9712793733681462
rohOutput_Demoonepop10000_NeuTRUE_Mu7e-08_Matingoutc100_Rep21	pixy	1	syn_win.bed	syn_win_threads8.bed	8.95	12.801	1.4302793296089387	496880.0	160912.0	0.32384479149895345
rohOutput_Demoonepop10000_NeuTRUE_Mu7e-08_Matingoutc100_Rep22	piawka	1	syn_win.bed	syn_win_threads8.bed	39.934	39.93	0.9998998347273002	23792.0	24144.0	1.0147948890383323
rohOutput_Demoonepop10000_NeuTRUE_Mu7e-08_Matingoutc100_Rep22	pixy	1	syn_win.bed	syn_win_threads8.bed	9.193	12.769	1.3889916240617861	511952.0	172976.0	0.33787542582117075
rohOutput_Demoonepop10000_NeuTRUE_Mu7e-08_Matingoutc100_Rep23	piawka	1	syn_win.bed	syn_win_threads8.bed	39.338	39.316	0.9994407443184707	23648.0	24016.0	1.0155615696887685
rohOutput_Demoonepop10000_NeuTRUE_Mu7e-08_Matingoutc100_Rep23	pixy	1	syn_win.bed	syn_win_threads8.bed	8.95	12.998	1.4522905027932962	507216.0	186832.0	0.3683480016403268
rohOutput_Demoonepop10000_NeuTRUE_Mu7e-08_Matingoutc100_Rep24	piawka	1	syn_win.bed	syn_win_threads8.bed	40.327	39.776	0.9863366974979544	23744.0	24144.0	1.016846361185984
rohOutput_Demoonepop10000_NeuTRUE_Mu7e-08_Matingoutc100_Rep24	pixy	1	syn_win.bed	syn_win_threads8.bed	9.461	12.945	1.3682485995137934	509712.0	183952.0	0.3608939950403365
rohOutput_Demoonepop10000_NeuTRUE_Mu7e-08_Matingoutc100_Rep25	piawka	1	syn_win.bed	syn_win_threads8.bed	38.897	40.005	1.0284854873126463	23616.0	24736.0	1.0474254742547426
rohOutput_Demoonepop10000_NeuTRUE_Mu7e-08_Matingoutc100_Rep25	pixy	1	syn_win.bed	syn_win_threads8.bed	9.283	13.016	1.4021329311644943	498832.0	205632.0	0.412226962183661
rohOutput_Demoonepop10000_NeuTRUE_Mu7e-08_Matingoutc100_Rep26	piawka	1	syn_win.bed	syn_win_threads8.bed	41.007	40.728	0.9931962835613433	24320.0	24976.0	1.0269736842105264
rohOutput_Demoonepop10000_NeuTRUE_Mu7e-08_Matingoutc100_Rep26	pixy	1	syn_win.bed	syn_win_threads8.bed	9.198	13.272	1.4429223744292237	503808.0	186240.0	0.3696646341463415
rohOutput_Demoonepop10000_NeuTRUE_Mu7e-08_Matingoutc100_Rep27	piawka	1	syn_win.bed	syn_win_threads8.bed	40.031	40.008	0.9994254452799082	24160.0	24576.0	1.0172185430463576
rohOutput_Demoonepop10000_NeuTRUE_Mu7e-08_Matingoutc100_Rep27	pixy	1	syn_win.bed	syn_win_threads8.bed	9.262	13.076	1.4117901101274022	506800.0	197520.0	0.3897395422257301
rohOutput_Demoonepop10000_NeuTRUE_Mu7e-08_Matingoutc100_Rep28	piawka	1	syn_win.bed	syn_win_threads8.bed	39.725	39.81	1.0021397105097545	23760.0	24624.0	1.0363636363636364
rohOutput_Demoonepop10000_NeuTRUE_Mu7e-08_Matingoutc100_Rep28	pixy	1	syn_win.bed	syn_win_threads8.bed	9.587	12.836	1.338896422238448	507312.0	172656.0	0.3403349418109566
rohOutput_Demoonepop10000_NeuTRUE_Mu7e-08_Matingoutc100_Rep29	piawka	1	syn_win.bed	syn_win_threads8.bed	39.921	39.672	0.9937626812955587	23968.0	24784.0	1.034045393858478
rohOutput_Demoonepop10000_NeuTRUE_Mu7e-08_Matingoutc100_Rep29	pixy	1	syn_win.bed	syn_win_threads8.bed	9.228	12.952	1.4035543996532294	514432.0	168800.0	0.3281288877830306
rohOutput_Demoonepop10000_NeuTRUE_Mu7e-08_Matingoutc100_Rep30	piawka	1	syn_win.bed	syn_win_threads8.bed	39.998	39.36	0.9840492024601231	24192.0	24144.0	0.998015873015873
rohOutput_Demoonepop10000_NeuTRUE_Mu7e-08_Matingoutc100_Rep30	pixy	1	syn_win.bed	syn_win_threads8.bed	9.312	12.721	1.3660867697594503	503744.0	182352.0	0.3619933934696989
rohOutput_Demoonepop10000_NeuTRUE_Mu7e-08_Matingoutc100_Rep31	piawka	1	syn_win.bed	syn_win_threads8.bed	39.801	39.963	1.0040702494912188	23584.0	24448.0	1.0366350067842605
rohOutput_Demoonepop10000_NeuTRUE_Mu7e-08_Matingoutc100_Rep31	pixy	1	syn_win.bed	syn_win_threads8.bed	9.299	12.868	1.3838047101838908	498544.0	160592.0	0.3221220193202606
rohOutput_Demoonepop10000_NeuTRUE_Mu7e-08_Matingoutc100_Rep32	piawka	1	syn_win.bed	syn_win_threads8.bed	40.119	40.29	1.0042623195991924	23824.0	24048.0	1.0094022834116856
rohOutput_Demoonepop10000_NeuTRUE_Mu7e-08_Matingoutc100_Rep32	pixy	1	syn_win.bed	syn_win_threads8.bed	9.221	13.103	1.4209955536275891	517200.0	174464.0	0.33732405259087395
rohOutput_Demoonepop10000_NeuTRUE_Mu7e-08_Matingoutc100_Rep33	piawka	1	syn_win.bed	syn_win_threads8.bed	40.954	42.324	1.033452165844606	23616.0	24720.0	1.0467479674796747
rohOutput_Demoonepop10000_NeuTRUE_Mu7e-08_Matingoutc100_Rep33	pixy	1	syn_win.bed	syn_win_threads8.bed	9.398	14.678	1.5618216641838691	515360.0	174352.0	0.3383110835144365
rohOutput_Demoonepop10000_NeuTRUE_Mu7e-08_Matingoutc100_Rep34	piawka	1	syn_win.bed	syn_win_threads8.bed	38.662	38.391	0.9929905333402307	24096.0	24080.0	0.99933598937583
rohOutput_Demoonepop10000_NeuTRUE_Mu7e-08_Matingoutc100_Rep34	pixy	1	syn_win.bed	syn_win_threads8.bed	9.249	12.555	1.3574440480051897	488912.0	160288.0	0.3278463199921458
rohOutput_Demoonepop10000_NeuTRUE_Mu7e-08_Matingoutc100_Rep35	piawka	1	syn_win.bed	syn_win_threads8.bed	39.103	38.705	0.9898217528066899	23504.0	24000.0	1.0211027910142954
rohOutput_Demoonepop10000_NeuTRUE_Mu7e-08_Matingoutc100_Rep35	pixy	1	syn_win.bed	syn_win_threads8.bed	8.986	12.807	1.4252170042288004	499472.0	160288.0	0.32091488611974245
rohOutput_Demoonepop10000_NeuTRUE_Mu7e-08_Matingoutc100_Rep36	piawka	1	syn_win.bed	syn_win_threads8.bed	40.17	39.759	0.9897684839432412	23600.0	24208.0	1.0257627118644068
rohOutput_Demoonepop10000_NeuTRUE_Mu7e-08_Matingoutc100_Rep36	pixy	1	syn_win.bed	syn_win_threads8.bed	9.21	12.746	1.3839305103148751	508432.0	192160.0	0.3779463133713063
rohOutput_Demoonepop10000_NeuTRUE_Mu7e-08_Matingoutc100_Rep37	piawka	1	syn_win.bed	syn_win_threads8.bed	39.446	40.335	1.0225371393804188	23808.0	24304.0	1.0208333333333333
rohOutput_Demoonepop10000_NeuTRUE_Mu7e-08_Matingoutc100_Rep37	pixy	1	syn_win.bed	syn_win_threads8.bed	9.215	12.983	1.4088985349972871	500896.0	173728.0	0.3468344726250559
rohOutput_Demoonepop10000_NeuTRUE_Mu7e-08_Matingoutc100_Rep38	piawka	1	syn_win.bed	syn_win_threads8.bed	39.44	39.266	0.9955882352941177	24336.0	24128.0	0.9914529914529915
rohOutput_Demoonepop10000_NeuTRUE_Mu7e-08_Matingoutc100_Rep38	pixy	1	syn_win.bed	syn_win_threads8.bed	8.917	12.848	1.4408433329595156	506272.0	195056.0	0.3852790594779091
rohOutput_Demoonepop10000_NeuTRUE_Mu7e-08_Matingoutc100_Rep39	piawka	1	syn_win.bed	syn_win_threads8.bed	38.937	38.402	0.9862598556642783	23856.0	24160.0	1.0127431254191817
rohOutput_Demoonepop10000_NeuTRUE_Mu7e-08_Matingoutc100_Rep39	pixy	1	syn_win.bed	syn_win_threads8.bed	9.016	12.755	1.4147071872227153	477008.0	170048.0	0.3564887800623889
rohOutput_Demoonepop10000_NeuTRUE_Mu7e-08_Matingoutc100_Rep40	piawka	1	syn_win.bed	syn_win_threads8.bed	38.634	38.321	0.9918983278977066	24080.0	24192.0	1.0046511627906978
rohOutput_Demoonepop10000_NeuTRUE_Mu7e-08_Matingoutc100_Rep40	pixy	1	syn_win.bed	syn_win_threads8.bed	8.725	12.624	1.4468767908309457	487216.0	194608.0	0.3994285901940823
rohOutput_Demoonepop10000_NeuTRUE_Mu7e-08_Matingoutc100_Rep41	piawka	1	syn_win.bed	syn_win_threads8.bed	39.051	39.292	1.006171416865125	23648.0	23744.0	1.0040595399188093
rohOutput_Demoonepop10000_NeuTRUE_Mu7e-08_Matingoutc100_Rep41	pixy	1	syn_win.bed	syn_win_threads8.bed	8.908	12.732	1.4292770543331836	498448.0	214112.0	0.4295573460019902
rohOutput_Demoonepop10000_NeuTRUE_Mu7e-08_Matingoutc100_Rep42	piawka	1	syn_win.bed	syn_win_threads8.bed	38.995	39.026	1.000794973714579	23376.0	23792.0	1.0177960301163587
rohOutput_Demoonepop10000_NeuTRUE_Mu7e-08_Matingoutc100_Rep42	pixy	1	syn_win.bed	syn_win_threads8.bed	8.921	12.821	1.437170720771214	496096.0	172464.0	0.34764239179513645
rohOutput_Demoonepop10000_NeuTRUE_Mu7e-08_Matingoutc100_Rep43	piawka	1	syn_win.bed	syn_win_threads8.bed	39.02	39.256	1.0060481804202972	23584.0	23968.0	1.016282225237449
rohOutput_Demoonepop10000_NeuTRUE_Mu7e-08_Matingoutc100_Rep43	pixy	1	syn_win.bed	syn_win_threads8.bed	8.939	12.821	1.434276764738785	495280.0	175984.0	0.35532224196414147
rohOutput_Demoonepop10000_NeuTRUE_Mu7e-08_Matingoutc100_Rep44	piawka	1	syn_win.bed	syn_win_threads8.bed	38.797	39.348	1.0142021290305951	23760.0	24464.0	1.0296296296296297
rohOutput_Demoonepop10000_NeuTRUE_Mu7e-08_Matingoutc100_Rep44	pixy	1	syn_win.bed	syn_win_threads8.bed	8.952	12.785	1.4281724754244862	502560.0	194080.0	0.38618274434893346
rohOutput_Demoonepop10000_NeuTRUE_Mu7e-08_Matingoutc100_Rep45	piawka	1	syn_win.bed	syn_win_threads8.bed	41.02	40.525	0.9879327157484153	23728.0	24080.0	1.0148347943358058
rohOutput_Demoonepop10000_NeuTRUE_Mu7e-08_Matingoutc100_Rep45	pixy	1	syn_win.bed	syn_win_threads8.bed	9.415	13.388	1.4219861922464154	509936.0	198800.0	0.3898528442784977
rohOutput_Demoonepop10000_NeuTRUE_Mu7e-08_Matingoutc100_Rep46	piawka	1	syn_win.bed	syn_win_threads8.bed	38.87	39.748	1.0225881142269102	23888.0	24432.0	1.0227729403884795
rohOutput_Demoonepop10000_NeuTRUE_Mu7e-08_Matingoutc100_Rep46	pixy	1	syn_win.bed	syn_win_threads8.bed	8.93	12.983	1.4538633818589026	494192.0	192816.0	0.39016414672839705
rohOutput_Demoonepop10000_NeuTRUE_Mu7e-08_Matingoutc100_Rep47	piawka	1	syn_win.bed	syn_win_threads8.bed	38.576	38.558	0.999533388635421	23568.0	24064.0	1.0210454854039375
rohOutput_Demoonepop10000_NeuTRUE_Mu7e-08_Matingoutc100_Rep47	pixy	1	syn_win.bed	syn_win_threads8.bed	8.711	12.81	1.470554471358053	503984.0	160688.0	0.31883551858789166
rohOutput_Demoonepop10000_NeuTRUE_Mu7e-08_Matingoutc100_Rep48	piawka	1	syn_win.bed	syn_win_threads8.bed	40.154	40.468	1.0078198934103701	23680.0	24608.0	1.0391891891891891
rohOutput_Demoonepop10000_NeuTRUE_Mu7e-08_Matingoutc100_Rep48	pixy	1	syn_win.bed	syn_win_threads8.bed	9.507	13.242	1.3928684127485012	507600.0	185392.0	0.36523246650906227
rohOutput_Demoonepop10000_NeuTRUE_Mu7e-08_Matingoutc100_Rep49	piawka	1	syn_win.bed	syn_win_threads8.bed	39.093	39.157	1.0016371217353488	23920.0	24576.0	1.0274247491638795
rohOutput_Demoonepop10000_NeuTRUE_Mu7e-08_Matingoutc100_Rep49	pixy	1	syn_win.bed	syn_win_threads8.bed	9.044	12.89	1.4252543122512162	491056.0	162832.0	0.33159558176664167
rohOutput_Demoonepop10000_NeuTRUE_Mu7e-08_Matingoutc100_Rep52	piawka	1	syn_win.bed	syn_win_threads8.bed	41.063	40.949	0.9972237780970703	24256.0	24336.0	1.0032981530343008
rohOutput_Demoonepop10000_NeuTRUE_Mu7e-08_Matingoutc100_Rep52	pixy	1	syn_win.bed	syn_win_threads8.bed	9.54	13.29	1.3930817610062893	507568.0	165808.0	0.32667150017337576
rohOutput_Demoonepop10000_NeuTRUE_Mu7e-08_Matingoutc100_Rep55	piawka	1	syn_win.bed	syn_win_threads8.bed	40.18	40.142	0.999054255848681	24352.0	24688.0	1.0137976346911959
rohOutput_Demoonepop10000_NeuTRUE_Mu7e-08_Matingoutc100_Rep55	pixy	1	syn_win.bed	syn_win_threads8.bed	9.265	13.142	1.4184565569347003	507472.0	163792.0	0.3227606646278021
rohOutput_Demoonepop10000_NeuTRUE_Mu7e-08_Matingoutc100_Rep56	piawka	1	syn_win.bed	syn_win_threads8.bed	40.598	40.279	0.9921424700724175	24208.0	24720.0	1.0211500330469265
rohOutput_Demoonepop10000_NeuTRUE_Mu7e-08_Matingoutc100_Rep56	pixy	1	syn_win.bed	syn_win_threads8.bed	9.19	12.85	1.3982589771490752	502528.0	184464.0	0.36707208354559345
rohOutput_Demoonepop10000_NeuTRUE_Mu7e-08_Matingoutc100_Rep57	piawka	1	syn_win.bed	syn_win_threads8.bed	40.09	40.137	1.0011723621850834	23600.0	24192.0	1.025084745762712
rohOutput_Demoonepop10000_NeuTRUE_Mu7e-08_Matingoutc100_Rep57	pixy	1	syn_win.bed	syn_win_threads8.bed	9.607	12.858	1.3383990840012492	513488.0	171024.0	0.33306328482846725
rohOutput_Demoonepop10000_NeuTRUE_Mu7e-08_Matingoutc100_Rep60	piawka	1	syn_win.bed	syn_win_threads8.bed	39.634	40.002	1.0092849573598426	23840.0	24368.0	1.0221476510067113
rohOutput_Demoonepop10000_NeuTRUE_Mu7e-08_Matingoutc100_Rep60	pixy	1	syn_win.bed	syn_win_threads8.bed	9.278	12.804	1.3800388014658331	507712.0	184464.0	0.36332408924744736
rohOutput_Demoonepop10000_NeuTRUE_Mu7e-08_Matingoutc100_Rep61	piawka	1	syn_win.bed	syn_win_threads8.bed	38.468	38.379	0.9976863886867005	23456.0	24304.0	1.0361527967257844
rohOutput_Demoonepop10000_NeuTRUE_Mu7e-08_Matingoutc100_Rep61	pixy	1	syn_win.bed	syn_win_threads8.bed	9.0	12.792	1.4213333333333333	488384.0	172752.0	0.3537216616432971
rohOutput_Demoonepop10000_NeuTRUE_Mu7e-08_Matingoutc100_Rep62	piawka	1	syn_win.bed	syn_win_threads8.bed	40.029	39.223	0.9798645981663293	24288.0	23840.0	0.9815546772068511
rohOutput_Demoonepop10000_NeuTRUE_Mu7e-08_Matingoutc100_Rep62	pixy	1	syn_win.bed	syn_win_threads8.bed	9.201	12.722	1.3826757961091185	500560.0	171488.0	0.3425922966277769
rohOutput_Demoonepop10000_NeuTRUE_Mu7e-08_Matingoutc100_Rep63	piawka	1	syn_win.bed	syn_win_threads8.bed	38.808	39.057	1.0064162028447743	23840.0	24112.0	1.0114093959731543
rohOutput_Demoonepop10000_NeuTRUE_Mu7e-08_Matingoutc100_Rep63	pixy	1	syn_win.bed	syn_win_threads8.bed	8.933	12.834	1.4366953990820552	494896.0	198064.0	0.4002133781643012
rohOutput_Demoonepop10000_NeuTRUE_Mu7e-08_Matingoutc100_Rep64	piawka	1	syn_win.bed	syn_win_threads8.bed	38.783	39.075	1.0075290720160897	24000.0	23664.0	0.986
rohOutput_Demoonepop10000_NeuTRUE_Mu7e-08_Matingoutc100_Rep64	pixy	1	syn_win.bed	syn_win_threads8.bed	8.702	12.858	1.477591358308435	497152.0	184912.0	0.37194258496395466
rohOutput_Demoonepop10000_NeuTRUE_Mu7e-08_Matingoutc100_Rep65	piawka	1	syn_win.bed	syn_win_threads8.bed	39.704	39.72	1.000402982067298	23824.0	24080.0	1.0107454667562121
rohOutput_Demoonepop10000_NeuTRUE_Mu7e-08_Matingoutc100_Rep65	pixy	1	syn_win.bed	syn_win_threads8.bed	9.197	13.007	1.4142655213656627	504848.0	170528.0	0.33778087662028966
rohOutput_Demoonepop10000_NeuTRUE_Mu7e-08_Matingoutc100_Rep67	piawka	1	syn_win.bed	syn_win_threads8.bed	39.327	39.33	1.0000762834693722	23696.0	23840.0	1.0060769750168805
rohOutput_Demoonepop10000_NeuTRUE_Mu7e-08_Matingoutc100_Rep67	pixy	1	syn_win.bed	syn_win_threads8.bed	8.965	12.795	1.4272169548243168	499184.0	170832.0	0.3422225071316388
rohOutput_Demoonepop10000_NeuTRUE_Mu7e-08_Matingoutc100_Rep69	piawka	1	syn_win.bed	syn_win_threads8.bed	39.532	39.209	0.9918294040271174	23776.0	24112.0	1.0141318977119784
rohOutput_Demoonepop10000_NeuTRUE_Mu7e-08_Matingoutc100_Rep69	pixy	1	syn_win.bed	syn_win_threads8.bed	8.947	12.765	1.4267352185089976	502640.0	184672.0	0.36740410631863757
rohOutput_Demoonepop10000_NeuTRUE_Mu7e-08_Matingoutc100_Rep70	piawka	1	syn_win.bed	syn_win_threads8.bed	39.439	39.456	1.000431045411902	23680.0	23760.0	1.0033783783783783
rohOutput_Demoonepop10000_NeuTRUE_Mu7e-08_Matingoutc100_Rep70	pixy	1	syn_win.bed	syn_win_threads8.bed	8.971	12.76	1.4223609408092743	496736.0	193776.0	0.39009856342201893
rohOutput_Demoonepop10000_NeuTRUE_Mu7e-08_Matingoutc100_Rep71	piawka	1	syn_win.bed	syn_win_threads8.bed	38.572	38.52	0.9986518718241212	23824.0	24128.0	1.012760241773002
rohOutput_Demoonepop10000_NeuTRUE_Mu7e-08_Matingoutc100_Rep71	pixy	1	syn_win.bed	syn_win_threads8.bed	8.725	12.746	1.4608595988538684	476464.0	167392.0	0.35132140098727294
rohOutput_Demoonepop10000_NeuTRUE_Mu7e-08_Matingoutc100_Rep72	piawka	1	syn_win.bed	syn_win_threads8.bed	39.682	39.647	0.9991179880046368	23472.0	24128.0	1.0279481935923653
rohOutput_Demoonepop10000_NeuTRUE_Mu7e-08_Matingoutc100_Rep72	pixy	1	syn_win.bed	syn_win_threads8.bed	9.173	12.741	1.388967622369999	500208.0	172080.0	0.34401688897418675
rohOutput_Demoonepop10000_NeuTRUE_Mu7e-08_Matingoutc100_Rep82	piawka	1	syn_win.bed	syn_win_threads8.bed	39.475	39.534	1.001494616846105	23520.0	24208.0	1.0292517006802722
rohOutput_Demoonepop10000_NeuTRUE_Mu7e-08_Matingoutc100_Rep82	pixy	1	syn_win.bed	syn_win_threads8.bed	8.924	12.843	1.4391528462572838	506240.0	184864.0	0.3651706700379267
rohOutput_Demoonepop10000_NeuTRUE_Mu7e-08_Matingoutc100_Rep83	piawka	1	syn_win.bed	syn_win_threads8.bed	39.062	39.039	0.9994111924632636	23808.0	23888.0	1.0033602150537635
rohOutput_Demoonepop10000_NeuTRUE_Mu7e-08_Matingoutc100_Rep83	pixy	1	syn_win.bed	syn_win_threads8.bed	8.958	12.86	1.4355883009600356	509296.0	172816.0	0.33932330118438003
rohOutput_Demoonepop10000_NeuTRUE_Mu7e-08_Matingoutc100_Rep92	piawka	1	syn_win.bed	syn_win_threads8.bed	41.422	39.485	0.9532374100719425	23504.0	24320.0	1.034717494894486
rohOutput_Demoonepop10000_NeuTRUE_Mu7e-08_Matingoutc100_Rep92	pixy	1	syn_win.bed	syn_win_threads8.bed	8.944	12.738	1.4241949910554559	496000.0	194464.0	0.39206451612903226
rohOutput_Demoonepop10000_NeuTRUE_Mu7e-08_Matingoutc100_Rep94	piawka	1	syn_win.bed	syn_win_threads8.bed	38.883	39.025	1.003651981585783	23728.0	24128.0	1.016857720836143
rohOutput_Demoonepop10000_NeuTRUE_Mu7e-08_Matingoutc100_Rep94	pixy	1	syn_win.bed	syn_win_threads8.bed	8.953	12.782	1.4276778733385458	498464.0	184048.0	0.36923027540604736
rohOutput_Demoonepop10000_NeuTRUE_Mu7e-08_Matingoutc100_Rep95	piawka	1	syn_win.bed	syn_win_threads8.bed	38.052	38.239	1.0049143277620098	23584.0	23936.0	1.0149253731343284
rohOutput_Demoonepop10000_NeuTRUE_Mu7e-08_Matingoutc100_Rep95	pixy	1	syn_win.bed	syn_win_threads8.bed	8.689	12.822	1.4756588790424674	479360.0	169616.0	0.35383845126835783
rohOutput_Demoonepop10000_NeuTRUE_Mu7e-08_Matingoutc100_Rep96	piawka	1	syn_win.bed	syn_win_threads8.bed	39.417	39.455	1.0009640510439657	23536.0	23920.0	1.0163154316791299
rohOutput_Demoonepop10000_NeuTRUE_Mu7e-08_Matingoutc100_Rep96	pixy	1	syn_win.bed	syn_win_threads8.bed	9.209	12.919	1.4028667607775003	499936.0	172992.0	0.34602829162132753
rohOutput_Demoonepop10000_NeuTRUE_Mu7e-08_Matingoutc100_Rep97	piawka	1	syn_win.bed	syn_win_threads8.bed	39.479	39.519	1.0010131968894855	23472.0	23856.0	1.016359918200409
rohOutput_Demoonepop10000_NeuTRUE_Mu7e-08_Matingoutc100_Rep97	pixy	1	syn_win.bed	syn_win_threads8.bed	9.266	12.858	1.3876537880423052	503280.0	185728.0	0.369035129550151
rohOutput_Demoonepop10000_NeuTRUE_Mu7e-08_Matingoutc100_Rep98	piawka	1	syn_win.bed	syn_win_threads8.bed	38.836	38.811	0.9993562673807808	23472.0	24096.0	1.0265848670756645
rohOutput_Demoonepop10000_NeuTRUE_Mu7e-08_Matingoutc100_Rep98	pixy	1	syn_win.bed	syn_win_threads8.bed	9.023	12.808	1.419483542059182	505712.0	171104.0	0.3383427721707217
rohOutput_Demoonepop10000_NeuTRUE_Mu7e-08_Matingoutc100_Rep99	piawka	1	syn_win.bed	syn_win_threads8.bed	38.808	38.786	0.9994331065759637	23632.0	24064.0	1.018280297901151
rohOutput_Demoonepop10000_NeuTRUE_Mu7e-08_Matingoutc100_Rep99	pixy	1	syn_win.bed	syn_win_threads8.bed	9.018	12.748	1.4136172100243956	496448.0	203280.0	0.40946886682996003
