sample_id	tool	threads	group_set_baseline	group_set_compare	elapsed_sec_full_groups	elapsed_sec_groups10	elapsed_ratio_groups10_over_full	max_rss_kb_full_groups	max_rss_kb_groups10	max_rss_ratio_groups10_over_full
rohOutput_DemobneckLong10000_NeuTRUE_Mu7e-08_Matingoutc100_Rep0	piawka	1	syn_groups.tsv	syn_groups_10.tsv	19.03	4.393	0.2308460325801366	24000.0	24544.0	1.0226666666666666
rohOutput_DemobneckLong10000_NeuTRUE_Mu7e-08_Matingoutc100_Rep0	pixy	1	syn_groups.tsv	syn_groups_10.tsv	4.947	5.203	1.0517485344653326	295520.0	301168.0	1.0191120736329182
rohOutput_DemobneckLong10000_NeuTRUE_Mu7e-08_Matingoutc100_Rep1	piawka	1	syn_groups.tsv	syn_groups_10.tsv	19.039	4.114	0.21608277745679919	23968.0	24368.0	1.0166889185580774
rohOutput_DemobneckLong10000_NeuTRUE_Mu7e-08_Matingoutc100_Rep1	pixy	1	syn_groups.tsv	syn_groups_10.tsv	5.19	4.646	0.8951830443159922	298528.0	295920.0	0.9912638010504877
rohOutput_DemobneckLong10000_NeuTRUE_Mu7e-08_Matingoutc100_Rep10	piawka	1	syn_groups.tsv	syn_groups_10.tsv	21.807	4.152	0.19039757875911406	24576.0	23952.0	0.974609375
rohOutput_DemobneckLong10000_NeuTRUE_Mu7e-08_Matingoutc100_Rep10	pixy	1	syn_groups.tsv	syn_groups_10.tsv	5.002	4.672	0.9340263894442223	294752.0	304080.0	1.031646943871458
rohOutput_DemobneckLong10000_NeuTRUE_Mu7e-08_Matingoutc100_Rep11	piawka	1	syn_groups.tsv	syn_groups_10.tsv	19.651	4.374	0.22258409241259985	23296.0	24448.0	1.0494505494505495
rohOutput_DemobneckLong10000_NeuTRUE_Mu7e-08_Matingoutc100_Rep11	pixy	1	syn_groups.tsv	syn_groups_10.tsv	4.979	4.856	0.9752962442257481	300144.0	306304.0	1.0205234820619435
rohOutput_DemobneckLong10000_NeuTRUE_Mu7e-08_Matingoutc100_Rep14	piawka	1	syn_groups.tsv	syn_groups_10.tsv	18.182	4.127	0.22698273017269827	23456.0	24560.0	1.0470668485675307
rohOutput_DemobneckLong10000_NeuTRUE_Mu7e-08_Matingoutc100_Rep14	pixy	1	syn_groups.tsv	syn_groups_10.tsv	4.734	4.419	0.9334600760456273	287696.0	294912.0	1.0250820310327569
rohOutput_DemobneckLong10000_NeuTRUE_Mu7e-08_Matingoutc100_Rep15	piawka	1	syn_groups.tsv	syn_groups_10.tsv	18.947	4.343	0.22921834591228163	23360.0	24352.0	1.0424657534246575
rohOutput_DemobneckLong10000_NeuTRUE_Mu7e-08_Matingoutc100_Rep15	pixy	1	syn_groups.tsv	syn_groups_10.tsv	4.978	4.613	0.9266773804740861	293232.0	302160.0	1.0304468816500245
rohOutput_DemobneckLong10000_NeuTRUE_Mu7e-08_Matingoutc100_Rep16	piawka	1	syn_groups.tsv	syn_groups_10.tsv	18.933	4.36	0.2302857444673322	23472.0	24240.0	1.032719836400818
rohOutput_DemobneckLong10000_NeuTRUE_Mu7e-08_Matingoutc100_Rep16	pixy	1	syn_groups.tsv	syn_groups_10.tsv	4.982	4.865	0.9765154556403051	294752.0	302416.0	1.0260015199218326
rohOutput_DemobneckLong10000_NeuTRUE_Mu7e-08_Matingoutc100_Rep17	piawka	1	syn_groups.tsv	syn_groups_10.tsv	18.73	4.138	0.2209289909236519	23440.0	24576.0	1.0484641638225256
rohOutput_DemobneckLong10000_NeuTRUE_Mu7e-08_Matingoutc100_Rep17	pixy	1	syn_groups.tsv	syn_groups_10.tsv	5.001	4.664	0.9326134773045389	297424.0	299376.0	1.0065630211415353
rohOutput_DemobneckLong10000_NeuTRUE_Mu7e-08_Matingoutc100_Rep18	piawka	1	syn_groups.tsv	syn_groups_10.tsv	19.168	4.372	0.22808848080133556	23264.0	24384.0	1.0481430536451168
rohOutput_DemobneckLong10000_NeuTRUE_Mu7e-08_Matingoutc100_Rep18	pixy	1	syn_groups.tsv	syn_groups_10.tsv	4.986	4.673	0.9372242278379463	295888.0	303712.0	1.026442437679122
rohOutput_DemobneckLong10000_NeuTRUE_Mu7e-08_Matingoutc100_Rep2	piawka	1	syn_groups.tsv	syn_groups_10.tsv	19.235	4.357	0.22651416688328568	23456.0	24304.0	1.0361527967257844
rohOutput_DemobneckLong10000_NeuTRUE_Mu7e-08_Matingoutc100_Rep2	pixy	1	syn_groups.tsv	syn_groups_10.tsv	5.027	4.879	0.9705589814999004	296736.0	311920.0	1.0511700636255796
rohOutput_DemobneckLong10000_NeuTRUE_Mu7e-08_Matingoutc100_Rep21	piawka	1	syn_groups.tsv	syn_groups_10.tsv	18.428	4.148	0.2250922509225092	23552.0	24240.0	1.029211956521739
rohOutput_DemobneckLong10000_NeuTRUE_Mu7e-08_Matingoutc100_Rep21	pixy	1	syn_groups.tsv	syn_groups_10.tsv	4.764	4.69	0.9844668345927792	293728.0	304672.0	1.0372589606710971
rohOutput_DemobneckLong10000_NeuTRUE_Mu7e-08_Matingoutc100_Rep23	piawka	1	syn_groups.tsv	syn_groups_10.tsv	19.234	4.61	0.2396797338047208	23488.0	24496.0	1.04291553133515
rohOutput_DemobneckLong10000_NeuTRUE_Mu7e-08_Matingoutc100_Rep23	pixy	1	syn_groups.tsv	syn_groups_10.tsv	5.028	4.988	0.9920445505171044	298320.0	307936.0	1.032233842853312
rohOutput_DemobneckLong10000_NeuTRUE_Mu7e-08_Matingoutc100_Rep3	piawka	1	syn_groups.tsv	syn_groups_10.tsv	19.001	4.406	0.23188253249828952	23456.0	24272.0	1.034788540245566
rohOutput_DemobneckLong10000_NeuTRUE_Mu7e-08_Matingoutc100_Rep3	pixy	1	syn_groups.tsv	syn_groups_10.tsv	4.987	4.87	0.9765390014036495	292864.0	306160.0	1.0453999125874125
rohOutput_DemobneckLong10000_NeuTRUE_Mu7e-08_Matingoutc100_Rep45	piawka	1	syn_groups.tsv	syn_groups_10.tsv	18.519	4.12	0.2224742156703926	23472.0	24512.0	1.0443081117927744
rohOutput_DemobneckLong10000_NeuTRUE_Mu7e-08_Matingoutc100_Rep45	pixy	1	syn_groups.tsv	syn_groups_10.tsv	4.764	4.644	0.9748110831234257	292160.0	299584.0	1.0254107338444687
rohOutput_DemobneckLong10000_NeuTRUE_Mu7e-08_Matingoutc100_Rep46	piawka	1	syn_groups.tsv	syn_groups_10.tsv	18.527	4.434	0.23932638851406055	23504.0	24304.0	1.0340367597004765
rohOutput_DemobneckLong10000_NeuTRUE_Mu7e-08_Matingoutc100_Rep46	pixy	1	syn_groups.tsv	syn_groups_10.tsv	4.73	4.719	0.9976744186046511	290448.0	300032.0	1.0329973007216438
rohOutput_DemobneckLong10000_NeuTRUE_Mu7e-08_Matingoutc100_Rep47	piawka	1	syn_groups.tsv	syn_groups_10.tsv	18.918	4.142	0.21894492018183742	23504.0	24320.0	1.034717494894486
rohOutput_DemobneckLong10000_NeuTRUE_Mu7e-08_Matingoutc100_Rep47	pixy	1	syn_groups.tsv	syn_groups_10.tsv	4.982	4.661	0.9355680449618626	296960.0	303344.0	1.0214978448275862
rohOutput_DemobneckLong10000_NeuTRUE_Mu7e-08_Matingoutc100_Rep48	piawka	1	syn_groups.tsv	syn_groups_10.tsv	18.179	4.143	0.22790032455030532	23136.0	24192.0	1.045643153526971
rohOutput_DemobneckLong10000_NeuTRUE_Mu7e-08_Matingoutc100_Rep48	pixy	1	syn_groups.tsv	syn_groups_10.tsv	4.737	4.643	0.9801562170149883	290560.0	299712.0	1.0314977973568282
rohOutput_DemobneckLong10000_NeuTRUE_Mu7e-08_Matingoutc100_Rep49	piawka	1	syn_groups.tsv	syn_groups_10.tsv	19.199	4.384	0.22834522631387053	23376.0	24192.0	1.0349075975359343
rohOutput_DemobneckLong10000_NeuTRUE_Mu7e-08_Matingoutc100_Rep49	pixy	1	syn_groups.tsv	syn_groups_10.tsv	5.014	4.909	0.9790586358197048	292816.0	310320.0	1.0597781541992242
rohOutput_DemobneckLong10000_NeuTRUE_Mu7e-08_Matingoutc100_Rep50	piawka	1	syn_groups.tsv	syn_groups_10.tsv	18.191	4.115	0.2262107635644	23248.0	24256.0	1.043358568479009
rohOutput_DemobneckLong10000_NeuTRUE_Mu7e-08_Matingoutc100_Rep50	pixy	1	syn_groups.tsv	syn_groups_10.tsv	4.753	4.689	0.9865348201136125	291840.0	302224.0	1.0355811403508772
rohOutput_DemobneckLong10000_NeuTRUE_Mu7e-08_Matingoutc100_Rep51	piawka	1	syn_groups.tsv	syn_groups_10.tsv	18.025	4.192	0.23256588072122056	23488.0	24592.0	1.0470027247956404
rohOutput_DemobneckLong10000_NeuTRUE_Mu7e-08_Matingoutc100_Rep51	pixy	1	syn_groups.tsv	syn_groups_10.tsv	4.798	4.67	0.9733222175906627	292752.0	299600.0	1.023391812865497
rohOutput_DemobneckLong10000_NeuTRUE_Mu7e-08_Matingoutc100_Rep52	piawka	1	syn_groups.tsv	syn_groups_10.tsv	18.966	4.381	0.23099230201413054	23376.0	24096.0	1.0308008213552362
rohOutput_DemobneckLong10000_NeuTRUE_Mu7e-08_Matingoutc100_Rep52	pixy	1	syn_groups.tsv	syn_groups_10.tsv	5.007	4.881	0.9748352306770522	294128.0	306928.0	1.0435184681499212
rohOutput_DemobneckLong10000_NeuTRUE_Mu7e-08_Matingoutc100_Rep53	piawka	1	syn_groups.tsv	syn_groups_10.tsv	18.932	4.359	0.23024508768223115	23360.0	24848.0	1.0636986301369864
rohOutput_DemobneckLong10000_NeuTRUE_Mu7e-08_Matingoutc100_Rep53	pixy	1	syn_groups.tsv	syn_groups_10.tsv	4.977	4.674	0.9391199517781796	297264.0	301392.0	1.0138866462134668
rohOutput_DemobneckLong10000_NeuTRUE_Mu7e-08_Matingoutc100_Rep54	piawka	1	syn_groups.tsv	syn_groups_10.tsv	19.165	4.374	0.2282285416123141	23440.0	24480.0	1.0443686006825939
rohOutput_DemobneckLong10000_NeuTRUE_Mu7e-08_Matingoutc100_Rep54	pixy	1	syn_groups.tsv	syn_groups_10.tsv	4.997	4.944	0.9893936361817091	296256.0	309200.0	1.0436919421041262
rohOutput_DemobneckLong10000_NeuTRUE_Mu7e-08_Matingoutc100_Rep55	piawka	1	syn_groups.tsv	syn_groups_10.tsv	18.932	4.173	0.22042045214451725	23344.0	24336.0	1.0424948594928032
rohOutput_DemobneckLong10000_NeuTRUE_Mu7e-08_Matingoutc100_Rep55	pixy	1	syn_groups.tsv	syn_groups_10.tsv	4.983	5.266	1.056793096528196	293968.0	310272.0	1.0554618189734937
rohOutput_DemobneckLong10000_NeuTRUE_Mu7e-08_Matingoutc100_Rep56	piawka	1	syn_groups.tsv	syn_groups_10.tsv	18.24	4.183	0.2293311403508772	23568.0	24352.0	1.0332654446707399
rohOutput_DemobneckLong10000_NeuTRUE_Mu7e-08_Matingoutc100_Rep56	pixy	1	syn_groups.tsv	syn_groups_10.tsv	5.004	4.931	0.9854116706634694	290720.0	299504.0	1.0302146395156853
rohOutput_DemobneckLong10000_NeuTRUE_Mu7e-08_Matingoutc100_Rep57	piawka	1	syn_groups.tsv	syn_groups_10.tsv	18.489	4.39	0.23743847693222994	23264.0	24608.0	1.0577716643741404
rohOutput_DemobneckLong10000_NeuTRUE_Mu7e-08_Matingoutc100_Rep57	pixy	1	syn_groups.tsv	syn_groups_10.tsv	5.005	5.048	1.0085914085914087	292432.0	300640.0	1.0280680636866006
rohOutput_DemobneckLong10000_NeuTRUE_Mu7e-08_Matingoutc100_Rep58	piawka	1	syn_groups.tsv	syn_groups_10.tsv	19.511	4.391	0.22505253446773615	23248.0	24848.0	1.0688231245698554
rohOutput_DemobneckLong10000_NeuTRUE_Mu7e-08_Matingoutc100_Rep58	pixy	1	syn_groups.tsv	syn_groups_10.tsv	5.025	4.925	0.9800995024875621	298832.0	309968.0	1.037265085399154
rohOutput_DemobneckLong10000_NeuTRUE_Mu7e-08_Matingoutc100_Rep59	piawka	1	syn_groups.tsv	syn_groups_10.tsv	18.998	4.411	0.23218233498262972	23968.0	24384.0	1.0173564753004005
rohOutput_DemobneckLong10000_NeuTRUE_Mu7e-08_Matingoutc100_Rep59	pixy	1	syn_groups.tsv	syn_groups_10.tsv	4.942	4.895	0.9904896802913798	293216.0	307104.0	1.0473644003055769
rohOutput_DemobneckLong10000_NeuTRUE_Mu7e-08_Matingoutc100_Rep6	piawka	1	syn_groups.tsv	syn_groups_10.tsv	18.943	4.181	0.22071477590666735	23248.0	24432.0	1.050929112181693
rohOutput_DemobneckLong10000_NeuTRUE_Mu7e-08_Matingoutc100_Rep6	pixy	1	syn_groups.tsv	syn_groups_10.tsv	4.998	4.92	0.9843937575030012	300960.0	306400.0	1.0180754917597024
rohOutput_DemobneckLong10000_NeuTRUE_Mu7e-08_Matingoutc100_Rep60	piawka	1	syn_groups.tsv	syn_groups_10.tsv	18.498	4.141	0.2238620391393664	23184.0	24256.0	1.04623878536922
rohOutput_DemobneckLong10000_NeuTRUE_Mu7e-08_Matingoutc100_Rep60	pixy	1	syn_groups.tsv	syn_groups_10.tsv	5.011	4.655	0.9289562961484734	298688.0	298752.0	1.0002142704092565
rohOutput_DemobneckLong10000_NeuTRUE_Mu7e-08_Matingoutc100_Rep61	piawka	1	syn_groups.tsv	syn_groups_10.tsv	19.023	4.39	0.23077327445723597	23728.0	24304.0	1.024275118004046
rohOutput_DemobneckLong10000_NeuTRUE_Mu7e-08_Matingoutc100_Rep61	pixy	1	syn_groups.tsv	syn_groups_10.tsv	5.012	4.887	0.9750598563447725	294864.0	309968.0	1.051223614954691
rohOutput_DemobneckLong10000_NeuTRUE_Mu7e-08_Matingoutc100_Rep62	piawka	1	syn_groups.tsv	syn_groups_10.tsv	18.99	4.594	0.24191679831490262	23568.0	24288.0	1.030549898167006
rohOutput_DemobneckLong10000_NeuTRUE_Mu7e-08_Matingoutc100_Rep62	pixy	1	syn_groups.tsv	syn_groups_10.tsv	4.984	4.974	0.9979935794542537	291984.0	300272.0	1.0283851169927118
rohOutput_DemobneckLong10000_NeuTRUE_Mu7e-08_Matingoutc100_Rep63	piawka	1	syn_groups.tsv	syn_groups_10.tsv	18.485	4.382	0.23705707330267783	23728.0	24096.0	1.0155091031692516
rohOutput_DemobneckLong10000_NeuTRUE_Mu7e-08_Matingoutc100_Rep63	pixy	1	syn_groups.tsv	syn_groups_10.tsv	5.01	4.739	0.9459081836327345	295760.0	299200.0	1.0116310522044902
rohOutput_DemobneckLong10000_NeuTRUE_Mu7e-08_Matingoutc100_Rep64	piawka	1	syn_groups.tsv	syn_groups_10.tsv	18.924	4.392	0.23208623969562464	23536.0	24112.0	1.0244731475186948
rohOutput_DemobneckLong10000_NeuTRUE_Mu7e-08_Matingoutc100_Rep64	pixy	1	syn_groups.tsv	syn_groups_10.tsv	4.984	4.944	0.9919743178170144	296944.0	311104.0	1.047685758930977
rohOutput_DemobneckLong10000_NeuTRUE_Mu7e-08_Matingoutc100_Rep65	piawka	1	syn_groups.tsv	syn_groups_10.tsv	18.493	4.381	0.2369004488184719	23552.0	24512.0	1.0407608695652173
rohOutput_DemobneckLong10000_NeuTRUE_Mu7e-08_Matingoutc100_Rep65	pixy	1	syn_groups.tsv	syn_groups_10.tsv	4.984	4.708	0.9446227929373997	296720.0	295840.0	0.9970342410353195
rohOutput_DemobneckLong10000_NeuTRUE_Mu7e-08_Matingoutc100_Rep66	piawka	1	syn_groups.tsv	syn_groups_10.tsv	18.704	4.183	0.22364200171086396	23408.0	24320.0	1.0389610389610389
rohOutput_DemobneckLong10000_NeuTRUE_Mu7e-08_Matingoutc100_Rep66	pixy	1	syn_groups.tsv	syn_groups_10.tsv	4.736	4.976	1.0506756756756757	292304.0	302560.0	1.0350867589906398
rohOutput_DemobneckLong10000_NeuTRUE_Mu7e-08_Matingoutc100_Rep67	piawka	1	syn_groups.tsv	syn_groups_10.tsv	18.541	4.38	0.2362332128795642	23296.0	24208.0	1.0391483516483517
rohOutput_DemobneckLong10000_NeuTRUE_Mu7e-08_Matingoutc100_Rep67	pixy	1	syn_groups.tsv	syn_groups_10.tsv	4.743	5.104	1.076112165296226	290560.0	298080.0	1.0258810572687225
rohOutput_DemobneckLong10000_NeuTRUE_Mu7e-08_Matingoutc100_Rep68	piawka	1	syn_groups.tsv	syn_groups_10.tsv	18.251	4.205	0.23039833433784448	23440.0	24528.0	1.0464163822525596
rohOutput_DemobneckLong10000_NeuTRUE_Mu7e-08_Matingoutc100_Rep68	pixy	1	syn_groups.tsv	syn_groups_10.tsv	4.737	4.648	0.9812117373865314	289568.0	298224.0	1.0298928058348988
rohOutput_DemobneckLong10000_NeuTRUE_Mu7e-08_Matingoutc100_Rep69	piawka	1	syn_groups.tsv	syn_groups_10.tsv	19.004	4.397	0.23137234266470216	23616.0	24496.0	1.0372628726287263
rohOutput_DemobneckLong10000_NeuTRUE_Mu7e-08_Matingoutc100_Rep69	pixy	1	syn_groups.tsv	syn_groups_10.tsv	4.99	4.911	0.9841683366733466	302096.0	309472.0	1.0244160796567978
rohOutput_DemobneckLong10000_NeuTRUE_Mu7e-08_Matingoutc100_Rep70	piawka	1	syn_groups.tsv	syn_groups_10.tsv	18.747	4.16	0.22190217101402893	23392.0	24432.0	1.0444596443228453
rohOutput_DemobneckLong10000_NeuTRUE_Mu7e-08_Matingoutc100_Rep70	pixy	1	syn_groups.tsv	syn_groups_10.tsv	4.756	4.929	1.0363751051303616	291296.0	308080.0	1.0576183675711304
rohOutput_DemobneckLong10000_NeuTRUE_Mu7e-08_Matingoutc100_Rep71	piawka	1	syn_groups.tsv	syn_groups_10.tsv	18.736	4.368	0.233134073441503	23664.0	24416.0	1.0317782285327923
rohOutput_DemobneckLong10000_NeuTRUE_Mu7e-08_Matingoutc100_Rep71	pixy	1	syn_groups.tsv	syn_groups_10.tsv	5.023	4.633	0.9223571570774438	294944.0	306304.0	1.038515786047521
rohOutput_DemobneckLong10000_NeuTRUE_Mu7e-08_Matingoutc100_Rep72	piawka	1	syn_groups.tsv	syn_groups_10.tsv	18.638	4.1	0.21998068462281356	24240.0	23968.0	0.9887788778877887
rohOutput_DemobneckLong10000_NeuTRUE_Mu7e-08_Matingoutc100_Rep72	pixy	1	syn_groups.tsv	syn_groups_10.tsv	4.819	4.384	0.9097323096078025	293104.0	294000.0	1.0030569354222392
rohOutput_DemobneckLong10000_NeuTRUE_Mu7e-08_Matingoutc100_Rep73	piawka	1	syn_groups.tsv	syn_groups_10.tsv	19.069	4.097	0.21485132938276788	24320.0	23440.0	0.9638157894736842
rohOutput_DemobneckLong10000_NeuTRUE_Mu7e-08_Matingoutc100_Rep73	pixy	1	syn_groups.tsv	syn_groups_10.tsv	5.045	4.639	0.9195242814667989	296800.0	303440.0	1.0223719676549865
rohOutput_DemobneckLong10000_NeuTRUE_Mu7e-08_Matingoutc100_Rep74	piawka	1	syn_groups.tsv	syn_groups_10.tsv	18.632	4.094	0.21972949763847144	24496.0	23456.0	0.9575440888308295
rohOutput_DemobneckLong10000_NeuTRUE_Mu7e-08_Matingoutc100_Rep74	pixy	1	syn_groups.tsv	syn_groups_10.tsv	4.811	4.419	0.9185200581999583	294496.0	299488.0	1.0169509942410084
rohOutput_DemobneckLong10000_NeuTRUE_Mu7e-08_Matingoutc100_Rep75	piawka	1	syn_groups.tsv	syn_groups_10.tsv	6.615	1.722	0.2603174603174603	23680.0	23696.0	1.0006756756756756
rohOutput_DemobneckLong10000_NeuTRUE_Mu7e-08_Matingoutc100_Rep75	pixy	1	syn_groups.tsv	syn_groups_10.tsv	2.605	2.491	0.9562380038387717	173376.0	178416.0	1.0290697674418605
rohOutput_DemobneckLong10000_NeuTRUE_Mu7e-08_Matingoutc100_Rep76	piawka	1	syn_groups.tsv	syn_groups_10.tsv	19.398	4.102	0.2114650994947933	23904.0	23984.0	1.0033467202141901
rohOutput_DemobneckLong10000_NeuTRUE_Mu7e-08_Matingoutc100_Rep76	pixy	1	syn_groups.tsv	syn_groups_10.tsv	5.061	4.428	0.8749259039715471	298480.0	300160.0	1.0056285178236397
rohOutput_DemobneckLong10000_NeuTRUE_Mu7e-08_Matingoutc100_Rep77	piawka	1	syn_groups.tsv	syn_groups_10.tsv	18.289	4.097	0.2240144349062278	23536.0	23472.0	0.9972807613868117
rohOutput_DemobneckLong10000_NeuTRUE_Mu7e-08_Matingoutc100_Rep77	pixy	1	syn_groups.tsv	syn_groups_10.tsv	4.771	4.411	0.9245441207294067	294560.0	297792.0	1.010972297664313
rohOutput_DemobneckLong10000_NeuTRUE_Mu7e-08_Matingoutc100_Rep78	piawka	1	syn_groups.tsv	syn_groups_10.tsv	19.041	4.078	0.2141694238747965	23568.0	23776.0	1.008825526137135
rohOutput_DemobneckLong10000_NeuTRUE_Mu7e-08_Matingoutc100_Rep78	pixy	1	syn_groups.tsv	syn_groups_10.tsv	5.036	4.62	0.9173947577442415	295920.0	306176.0	1.0346580156799134
rohOutput_DemobneckLong10000_NeuTRUE_Mu7e-08_Matingoutc100_Rep79	piawka	1	syn_groups.tsv	syn_groups_10.tsv	19.005	4.099	0.2156800841883715	23504.0	23648.0	1.0061266167460858
rohOutput_DemobneckLong10000_NeuTRUE_Mu7e-08_Matingoutc100_Rep79	pixy	1	syn_groups.tsv	syn_groups_10.tsv	5.027	4.469	0.888999403222598	298016.0	300960.0	1.0098786642327928
rohOutput_DemobneckLong10000_NeuTRUE_Mu7e-08_Matingoutc100_Rep80	piawka	1	syn_groups.tsv	syn_groups_10.tsv	18.556	4.072	0.21944384565639147	23568.0	23968.0	1.0169721656483368
rohOutput_DemobneckLong10000_NeuTRUE_Mu7e-08_Matingoutc100_Rep80	pixy	1	syn_groups.tsv	syn_groups_10.tsv	4.777	4.386	0.9181494661921709	295728.0	294576.0	0.9961045284856355
rohOutput_DemobneckLong10000_NeuTRUE_Mu7e-08_Matingoutc100_Rep81	piawka	1	syn_groups.tsv	syn_groups_10.tsv	18.279	4.086	0.223535204332841	23600.0	23952.0	1.0149152542372881
rohOutput_DemobneckLong10000_NeuTRUE_Mu7e-08_Matingoutc100_Rep81	pixy	1	syn_groups.tsv	syn_groups_10.tsv	4.759	4.421	0.9289766757722211	291776.0	297760.0	1.0205088835270892
rohOutput_DemobneckLong10000_NeuTRUE_Mu7e-08_Matingoutc100_Rep82	piawka	1	syn_groups.tsv	syn_groups_10.tsv	18.287	4.096	0.22398425110734402	23888.0	23792.0	0.9959812458137978
rohOutput_DemobneckLong10000_NeuTRUE_Mu7e-08_Matingoutc100_Rep82	pixy	1	syn_groups.tsv	syn_groups_10.tsv	4.777	4.578	0.9583420556834834	293856.0	304864.0	1.0374605248829358
rohOutput_DemobneckLong10000_NeuTRUE_Mu7e-08_Matingoutc100_Rep83	piawka	1	syn_groups.tsv	syn_groups_10.tsv	18.801	4.067	0.21631828094250308	23712.0	23328.0	0.9838056680161943
rohOutput_DemobneckLong10000_NeuTRUE_Mu7e-08_Matingoutc100_Rep83	pixy	1	syn_groups.tsv	syn_groups_10.tsv	5.0	4.644	0.9288000000000001	296544.0	305632.0	1.030646379626632
rohOutput_DemobneckLong10000_NeuTRUE_Mu7e-08_Matingoutc100_Rep84	piawka	1	syn_groups.tsv	syn_groups_10.tsv	18.815	4.069	0.21626361945256442	23984.0	23776.0	0.9913275517011341
rohOutput_DemobneckLong10000_NeuTRUE_Mu7e-08_Matingoutc100_Rep84	pixy	1	syn_groups.tsv	syn_groups_10.tsv	5.043	4.445	0.8814197898076542	295408.0	297008.0	1.0054162378811677
rohOutput_DemobneckLong10000_NeuTRUE_Mu7e-08_Matingoutc100_Rep85	piawka	1	syn_groups.tsv	syn_groups_10.tsv	18.523	4.095	0.2210764994871241	23984.0	23952.0	0.9986657771847899
rohOutput_DemobneckLong10000_NeuTRUE_Mu7e-08_Matingoutc100_Rep85	pixy	1	syn_groups.tsv	syn_groups_10.tsv	5.054	4.616	0.9133359715077165	298400.0	307872.0	1.0317426273458445
rohOutput_DemobneckLong10000_NeuTRUE_Mu7e-08_Matingoutc100_Rep86	piawka	1	syn_groups.tsv	syn_groups_10.tsv	18.321	4.082	0.2228044320724851	23888.0	24320.0	1.0180843938379103
rohOutput_DemobneckLong10000_NeuTRUE_Mu7e-08_Matingoutc100_Rep86	pixy	1	syn_groups.tsv	syn_groups_10.tsv	4.806	4.366	0.9084477736163129	290928.0	298528.0	1.026123301985371
rohOutput_DemobneckLong10000_NeuTRUE_Mu7e-08_Matingoutc100_Rep88	piawka	1	syn_groups.tsv	syn_groups_10.tsv	19.029	4.344	0.22828314677597353	24224.0	23856.0	0.9848084544253632
rohOutput_DemobneckLong10000_NeuTRUE_Mu7e-08_Matingoutc100_Rep88	pixy	1	syn_groups.tsv	syn_groups_10.tsv	5.302	4.611	0.8696718219539796	301808.0	304944.0	1.0103907119758258
rohOutput_DemobneckLong10000_NeuTRUE_Mu7e-08_Matingoutc100_Rep89	piawka	1	syn_groups.tsv	syn_groups_10.tsv	19.109	4.114	0.2152912240305615	23904.0	23776.0	0.9946452476572959
rohOutput_DemobneckLong10000_NeuTRUE_Mu7e-08_Matingoutc100_Rep89	pixy	1	syn_groups.tsv	syn_groups_10.tsv	5.059	4.62	0.913223957303815	296112.0	299648.0	1.0119414275679472
rohOutput_DemobneckLong10000_NeuTRUE_Mu7e-08_Matingoutc100_Rep9	piawka	1	syn_groups.tsv	syn_groups_10.tsv	19.301	4.408	0.2283819491218072	23904.0	23936.0	1.001338688085676
rohOutput_DemobneckLong10000_NeuTRUE_Mu7e-08_Matingoutc100_Rep9	pixy	1	syn_groups.tsv	syn_groups_10.tsv	4.985	4.604	0.9235707121364092	295552.0	305184.0	1.0325898657427457
rohOutput_DemobneckLong10000_NeuTRUE_Mu7e-08_Matingoutc100_Rep92	piawka	1	syn_groups.tsv	syn_groups_10.tsv	18.772	4.086	0.2176646068612828	23584.0	23872.0	1.012211668928087
rohOutput_DemobneckLong10000_NeuTRUE_Mu7e-08_Matingoutc100_Rep92	pixy	1	syn_groups.tsv	syn_groups_10.tsv	5.03	4.614	0.9172962226640158	293968.0	304352.0	1.035323572633756
rohOutput_DemobneckLong10000_NeuTRUE_Mu7e-08_Matingoutc100_Rep93	piawka	1	syn_groups.tsv	syn_groups_10.tsv	18.873	4.071	0.2157049753616277	23680.0	23696.0	1.0006756756756756
rohOutput_DemobneckLong10000_NeuTRUE_Mu7e-08_Matingoutc100_Rep93	pixy	1	syn_groups.tsv	syn_groups_10.tsv	5.059	4.391	0.8679580944850761	295024.0	296336.0	1.0044470958294918
rohOutput_DemobneckLong10000_NeuTRUE_Mu7e-08_Matingoutc100_Rep94	piawka	1	syn_groups.tsv	syn_groups_10.tsv	18.893	4.104	0.21722331022071667	23680.0	24320.0	1.027027027027027
rohOutput_DemobneckLong10000_NeuTRUE_Mu7e-08_Matingoutc100_Rep94	pixy	1	syn_groups.tsv	syn_groups_10.tsv	5.071	4.416	0.8708341549990141	301056.0	297136.0	0.9869791666666666
rohOutput_DemobneckLong10000_NeuTRUE_Mu7e-08_Matingoutc100_Rep95	piawka	1	syn_groups.tsv	syn_groups_10.tsv	19.336	4.112	0.21266032271410842	23840.0	23568.0	0.9885906040268456
rohOutput_DemobneckLong10000_NeuTRUE_Mu7e-08_Matingoutc100_Rep95	pixy	1	syn_groups.tsv	syn_groups_10.tsv	4.985	4.622	0.9271815446339017	297712.0	302896.0	1.0174128016337938
rohOutput_DemobneckLong10000_NeuTRUE_Mu7e-08_Matingoutc100_Rep96	piawka	1	syn_groups.tsv	syn_groups_10.tsv	18.786	4.119	0.21925902267646116	23856.0	24096.0	1.0100603621730382
rohOutput_DemobneckLong10000_NeuTRUE_Mu7e-08_Matingoutc100_Rep96	pixy	1	syn_groups.tsv	syn_groups_10.tsv	4.976	4.593	0.9230305466237942	293664.0	302944.0	1.031600740982892
rohOutput_Demoonepop10000_NeuTRUE_Mu7e-08_Matingoutc100_Rep1	piawka	1	syn_groups.tsv	syn_groups_10.tsv	39.817	8.36	0.2099605696059472	23808.0	23760.0	0.9979838709677419
rohOutput_Demoonepop10000_NeuTRUE_Mu7e-08_Matingoutc100_Rep1	pixy	1	syn_groups.tsv	syn_groups_10.tsv	9.198	8.445	0.9181343770384867	510736.0	507664.0	0.993985150841139
rohOutput_Demoonepop10000_NeuTRUE_Mu7e-08_Matingoutc100_Rep11	piawka	1	syn_groups.tsv	syn_groups_10.tsv	39.563	8.357	0.21123271743801023	24048.0	23776.0	0.9886892880904857
rohOutput_Demoonepop10000_NeuTRUE_Mu7e-08_Matingoutc100_Rep11	pixy	1	syn_groups.tsv	syn_groups_10.tsv	9.179	8.228	0.8963939426952826	507696.0	509728.0	1.004002395134096
rohOutput_Demoonepop10000_NeuTRUE_Mu7e-08_Matingoutc100_Rep12	piawka	1	syn_groups.tsv	syn_groups_10.tsv	39.329	8.143	0.20704823412748863	23856.0	23520.0	0.9859154929577465
rohOutput_Demoonepop10000_NeuTRUE_Mu7e-08_Matingoutc100_Rep12	pixy	1	syn_groups.tsv	syn_groups_10.tsv	8.972	8.284	0.9233169861792244	505872.0	501616.0	0.9915868045671632
rohOutput_Demoonepop10000_NeuTRUE_Mu7e-08_Matingoutc100_Rep13	piawka	1	syn_groups.tsv	syn_groups_10.tsv	39.74	8.129	0.20455460493205835	23904.0	23808.0	0.9959839357429718
rohOutput_Demoonepop10000_NeuTRUE_Mu7e-08_Matingoutc100_Rep13	pixy	1	syn_groups.tsv	syn_groups_10.tsv	9.235	8.519	0.9224688684353005	498832.0	502944.0	1.008243256246592
rohOutput_Demoonepop10000_NeuTRUE_Mu7e-08_Matingoutc100_Rep14	piawka	1	syn_groups.tsv	syn_groups_10.tsv	39.995	8.454	0.2113764220527566	24144.0	23792.0	0.9854208084824387
rohOutput_Demoonepop10000_NeuTRUE_Mu7e-08_Matingoutc100_Rep14	pixy	1	syn_groups.tsv	syn_groups_10.tsv	9.17	8.428	0.919083969465649	504432.0	507696.0	1.006470644209725
rohOutput_Demoonepop10000_NeuTRUE_Mu7e-08_Matingoutc100_Rep15	piawka	1	syn_groups.tsv	syn_groups_10.tsv	39.916	8.386	0.21009119150215452	24224.0	24032.0	0.9920739762219286
rohOutput_Demoonepop10000_NeuTRUE_Mu7e-08_Matingoutc100_Rep15	pixy	1	syn_groups.tsv	syn_groups_10.tsv	9.231	8.259	0.8947026324341892	507008.0	496544.0	0.979361272405958
rohOutput_Demoonepop10000_NeuTRUE_Mu7e-08_Matingoutc100_Rep16	piawka	1	syn_groups.tsv	syn_groups_10.tsv	39.582	8.372	0.2115102824516194	24144.0	24096.0	0.9980119284294234
rohOutput_Demoonepop10000_NeuTRUE_Mu7e-08_Matingoutc100_Rep16	pixy	1	syn_groups.tsv	syn_groups_10.tsv	9.499	8.212	0.8645120539004105	500576.0	498912.0	0.99667582944448
rohOutput_Demoonepop10000_NeuTRUE_Mu7e-08_Matingoutc100_Rep17	piawka	1	syn_groups.tsv	syn_groups_10.tsv	40.605	8.135	0.20034478512498463	24256.0	24432.0	1.0072559366754616
rohOutput_Demoonepop10000_NeuTRUE_Mu7e-08_Matingoutc100_Rep17	pixy	1	syn_groups.tsv	syn_groups_10.tsv	9.271	8.157	0.8798403624204508	500928.0	493568.0	0.985307269707423
rohOutput_Demoonepop10000_NeuTRUE_Mu7e-08_Matingoutc100_Rep18	piawka	1	syn_groups.tsv	syn_groups_10.tsv	39.367	8.347	0.21203038077577666	24128.0	23680.0	0.9814323607427056
rohOutput_Demoonepop10000_NeuTRUE_Mu7e-08_Matingoutc100_Rep18	pixy	1	syn_groups.tsv	syn_groups_10.tsv	9.246	8.19	0.8857884490590525	505072.0	500944.0	0.991826907846802
rohOutput_Demoonepop10000_NeuTRUE_Mu7e-08_Matingoutc100_Rep19	piawka	1	syn_groups.tsv	syn_groups_10.tsv	39.536	8.322	0.21049170376365842	23696.0	23776.0	1.0033760972316004
rohOutput_Demoonepop10000_NeuTRUE_Mu7e-08_Matingoutc100_Rep19	pixy	1	syn_groups.tsv	syn_groups_10.tsv	9.174	8.189	0.8926313494658819	498880.0	498368.0	0.9989737010904426
rohOutput_Demoonepop10000_NeuTRUE_Mu7e-08_Matingoutc100_Rep20	piawka	1	syn_groups.tsv	syn_groups_10.tsv	39.765	8.352	0.2100339494530366	23936.0	23488.0	0.9812834224598931
rohOutput_Demoonepop10000_NeuTRUE_Mu7e-08_Matingoutc100_Rep20	pixy	1	syn_groups.tsv	syn_groups_10.tsv	9.239	8.381	0.9071328065807988	502032.0	507648.0	1.011186537909934
rohOutput_Demoonepop10000_NeuTRUE_Mu7e-08_Matingoutc100_Rep21	piawka	1	syn_groups.tsv	syn_groups_10.tsv	39.537	8.368	0.2116498469787794	23840.0	23648.0	0.9919463087248322
rohOutput_Demoonepop10000_NeuTRUE_Mu7e-08_Matingoutc100_Rep21	pixy	1	syn_groups.tsv	syn_groups_10.tsv	8.958	8.112	0.9055592766242465	498576.0	497328.0	0.9974968710888611
rohOutput_Demoonepop10000_NeuTRUE_Mu7e-08_Matingoutc100_Rep22	piawka	1	syn_groups.tsv	syn_groups_10.tsv	40.4	8.666	0.21450495049504953	23968.0	23504.0	0.9806408544726302
rohOutput_Demoonepop10000_NeuTRUE_Mu7e-08_Matingoutc100_Rep22	pixy	1	syn_groups.tsv	syn_groups_10.tsv	9.174	8.381	0.9135600610420755	501984.0	506272.0	1.008542104927647
rohOutput_Demoonepop10000_NeuTRUE_Mu7e-08_Matingoutc100_Rep23	piawka	1	syn_groups.tsv	syn_groups_10.tsv	39.886	8.151	0.20435741864313292	23824.0	23568.0	0.9892545332437878
rohOutput_Demoonepop10000_NeuTRUE_Mu7e-08_Matingoutc100_Rep23	pixy	1	syn_groups.tsv	syn_groups_10.tsv	9.21	8.228	0.8933767643865362	502208.0	499664.0	0.9949343698228622
rohOutput_Demoonepop10000_NeuTRUE_Mu7e-08_Matingoutc100_Rep24	piawka	1	syn_groups.tsv	syn_groups_10.tsv	40.597	8.355	0.20580338448653843	24192.0	23808.0	0.9841269841269841
rohOutput_Demoonepop10000_NeuTRUE_Mu7e-08_Matingoutc100_Rep24	pixy	1	syn_groups.tsv	syn_groups_10.tsv	9.21	8.479	0.9206297502714439	512960.0	507312.0	0.9889893948845914
rohOutput_Demoonepop10000_NeuTRUE_Mu7e-08_Matingoutc100_Rep25	piawka	1	syn_groups.tsv	syn_groups_10.tsv	39.406	8.122	0.2061107445566665	24320.0	23840.0	0.9802631578947368
rohOutput_Demoonepop10000_NeuTRUE_Mu7e-08_Matingoutc100_Rep25	pixy	1	syn_groups.tsv	syn_groups_10.tsv	8.963	8.185	0.9131987057904721	498336.0	499008.0	1.0013484877672896
rohOutput_Demoonepop10000_NeuTRUE_Mu7e-08_Matingoutc100_Rep26	piawka	1	syn_groups.tsv	syn_groups_10.tsv	40.368	8.365	0.20721858898137138	24048.0	23824.0	0.9906852960745176
rohOutput_Demoonepop10000_NeuTRUE_Mu7e-08_Matingoutc100_Rep26	pixy	1	syn_groups.tsv	syn_groups_10.tsv	9.23	8.46	0.9165763813651138	502512.0	505792.0	1.0065272073104723
rohOutput_Demoonepop10000_NeuTRUE_Mu7e-08_Matingoutc100_Rep27	piawka	1	syn_groups.tsv	syn_groups_10.tsv	39.573	8.348	0.21095191165693783	23712.0	24144.0	1.0182186234817814
rohOutput_Demoonepop10000_NeuTRUE_Mu7e-08_Matingoutc100_Rep27	pixy	1	syn_groups.tsv	syn_groups_10.tsv	9.277	8.281	0.8926377061550071	511984.0	501664.0	0.9798431200975031
rohOutput_Demoonepop10000_NeuTRUE_Mu7e-08_Matingoutc100_Rep28	piawka	1	syn_groups.tsv	syn_groups_10.tsv	39.657	9.574	0.24142017802657792	24544.0	24880.0	1.0136897001303782
rohOutput_Demoonepop10000_NeuTRUE_Mu7e-08_Matingoutc100_Rep28	pixy	1	syn_groups.tsv	syn_groups_10.tsv	9.218	9.827	1.066066391842048	499312.0	495424.0	0.9922132854808217
rohOutput_Demoonepop10000_NeuTRUE_Mu7e-08_Matingoutc100_Rep29	piawka	1	syn_groups.tsv	syn_groups_10.tsv	39.861	8.681	0.2177817917262487	24304.0	24224.0	0.9967083607636603
rohOutput_Demoonepop10000_NeuTRUE_Mu7e-08_Matingoutc100_Rep29	pixy	1	syn_groups.tsv	syn_groups_10.tsv	9.226	9.363	1.0148493388250595	499808.0	512304.0	1.025001600614636
rohOutput_Demoonepop10000_NeuTRUE_Mu7e-08_Matingoutc100_Rep30	piawka	1	syn_groups.tsv	syn_groups_10.tsv	39.821	8.566	0.21511262901484143	23904.0	24320.0	1.0174029451137885
rohOutput_Demoonepop10000_NeuTRUE_Mu7e-08_Matingoutc100_Rep30	pixy	1	syn_groups.tsv	syn_groups_10.tsv	9.442	8.198	0.8682482524888795	506016.0	500528.0	0.9891544931385569
rohOutput_Demoonepop10000_NeuTRUE_Mu7e-08_Matingoutc100_Rep31	piawka	1	syn_groups.tsv	syn_groups_10.tsv	40.348	8.372	0.20749479528105483	24224.0	24064.0	0.9933949801849405
rohOutput_Demoonepop10000_NeuTRUE_Mu7e-08_Matingoutc100_Rep31	pixy	1	syn_groups.tsv	syn_groups_10.tsv	9.168	8.43	0.9195026178010471	509584.0	504480.0	0.9899839869383654
rohOutput_Demoonepop10000_NeuTRUE_Mu7e-08_Matingoutc100_Rep32	piawka	1	syn_groups.tsv	syn_groups_10.tsv	40.794	8.343	0.20451536990733932	24224.0	23920.0	0.987450462351387
rohOutput_Demoonepop10000_NeuTRUE_Mu7e-08_Matingoutc100_Rep32	pixy	1	syn_groups.tsv	syn_groups_10.tsv	9.491	8.421	0.8872616162680433	503424.0	511680.0	1.0163996948893974
rohOutput_Demoonepop10000_NeuTRUE_Mu7e-08_Matingoutc100_Rep33	piawka	1	syn_groups.tsv	syn_groups_10.tsv	41.885	8.643	0.20635072221559034	24112.0	23760.0	0.9854014598540146
rohOutput_Demoonepop10000_NeuTRUE_Mu7e-08_Matingoutc100_Rep33	pixy	1	syn_groups.tsv	syn_groups_10.tsv	9.754	8.708	0.892761943817921	514192.0	513040.0	0.9977595917478296
rohOutput_Demoonepop10000_NeuTRUE_Mu7e-08_Matingoutc100_Rep34	piawka	1	syn_groups.tsv	syn_groups_10.tsv	38.866	8.16	0.20995214326146247	24688.0	23552.0	0.9539857420609202
rohOutput_Demoonepop10000_NeuTRUE_Mu7e-08_Matingoutc100_Rep34	pixy	1	syn_groups.tsv	syn_groups_10.tsv	8.975	7.979	0.8890250696378831	473408.0	482640.0	1.0195011491145058
rohOutput_Demoonepop10000_NeuTRUE_Mu7e-08_Matingoutc100_Rep35	piawka	1	syn_groups.tsv	syn_groups_10.tsv	39.874	8.099	0.20311481165671866	23984.0	23280.0	0.970647098065377
rohOutput_Demoonepop10000_NeuTRUE_Mu7e-08_Matingoutc100_Rep35	pixy	1	syn_groups.tsv	syn_groups_10.tsv	9.169	8.191	0.893336241683935	506752.0	509584.0	1.0055885324576914
rohOutput_Demoonepop10000_NeuTRUE_Mu7e-08_Matingoutc100_Rep36	piawka	1	syn_groups.tsv	syn_groups_10.tsv	40.579	8.35	0.20577145814337464	23712.0	23456.0	0.9892037786774629
rohOutput_Demoonepop10000_NeuTRUE_Mu7e-08_Matingoutc100_Rep36	pixy	1	syn_groups.tsv	syn_groups_10.tsv	9.362	8.158	0.8713950010681477	515792.0	501344.0	0.9719887086267333
rohOutput_Demoonepop10000_NeuTRUE_Mu7e-08_Matingoutc100_Rep37	piawka	1	syn_groups.tsv	syn_groups_10.tsv	40.6	8.39	0.20665024630541873	24160.0	23744.0	0.9827814569536424
rohOutput_Demoonepop10000_NeuTRUE_Mu7e-08_Matingoutc100_Rep37	pixy	1	syn_groups.tsv	syn_groups_10.tsv	9.131	8.424	0.9225714598620085	506432.0	505632.0	0.9984203209907747
rohOutput_Demoonepop10000_NeuTRUE_Mu7e-08_Matingoutc100_Rep38	piawka	1	syn_groups.tsv	syn_groups_10.tsv	39.796	8.158	0.204995476932355	23840.0	23952.0	1.0046979865771812
rohOutput_Demoonepop10000_NeuTRUE_Mu7e-08_Matingoutc100_Rep38	pixy	1	syn_groups.tsv	syn_groups_10.tsv	9.203	8.152	0.8857981093121808	504112.0	500960.0	0.9937474212079855
rohOutput_Demoonepop10000_NeuTRUE_Mu7e-08_Matingoutc100_Rep39	piawka	1	syn_groups.tsv	syn_groups_10.tsv	38.842	8.128	0.20925801966943	24064.0	23840.0	0.9906914893617021
rohOutput_Demoonepop10000_NeuTRUE_Mu7e-08_Matingoutc100_Rep39	pixy	1	syn_groups.tsv	syn_groups_10.tsv	8.921	7.934	0.8893621791279005	486032.0	477488.0	0.9824209105573296
rohOutput_Demoonepop10000_NeuTRUE_Mu7e-08_Matingoutc100_Rep40	piawka	1	syn_groups.tsv	syn_groups_10.tsv	39.298	8.136	0.20703343681612293	23648.0	23968.0	1.013531799729364
rohOutput_Demoonepop10000_NeuTRUE_Mu7e-08_Matingoutc100_Rep40	pixy	1	syn_groups.tsv	syn_groups_10.tsv	9.167	7.949	0.8671321042871168	481296.0	478768.0	0.994747515042718
rohOutput_Demoonepop10000_NeuTRUE_Mu7e-08_Matingoutc100_Rep41	piawka	1	syn_groups.tsv	syn_groups_10.tsv	39.83	8.156	0.20477027366306808	24160.0	23664.0	0.9794701986754967
rohOutput_Demoonepop10000_NeuTRUE_Mu7e-08_Matingoutc100_Rep41	pixy	1	syn_groups.tsv	syn_groups_10.tsv	9.181	8.222	0.8955451475874088	507056.0	493936.0	0.9741251459404878
rohOutput_Demoonepop10000_NeuTRUE_Mu7e-08_Matingoutc100_Rep42	piawka	1	syn_groups.tsv	syn_groups_10.tsv	39.837	8.159	0.20480959911639932	23792.0	23728.0	0.9973100201748487
rohOutput_Demoonepop10000_NeuTRUE_Mu7e-08_Matingoutc100_Rep42	pixy	1	syn_groups.tsv	syn_groups_10.tsv	9.17	8.136	0.8872410032715375	501792.0	502912.0	1.0022320005101715
rohOutput_Demoonepop10000_NeuTRUE_Mu7e-08_Matingoutc100_Rep43	piawka	1	syn_groups.tsv	syn_groups_10.tsv	40.095	8.375	0.2088789125826163	24096.0	23776.0	0.9867197875166003
rohOutput_Demoonepop10000_NeuTRUE_Mu7e-08_Matingoutc100_Rep43	pixy	1	syn_groups.tsv	syn_groups_10.tsv	9.095	8.149	0.895986805937328	502992.0	498240.0	0.990552533638706
rohOutput_Demoonepop10000_NeuTRUE_Mu7e-08_Matingoutc100_Rep44	piawka	1	syn_groups.tsv	syn_groups_10.tsv	40.311	8.152	0.20222767978963557	24224.0	23584.0	0.9735799207397622
rohOutput_Demoonepop10000_NeuTRUE_Mu7e-08_Matingoutc100_Rep44	pixy	1	syn_groups.tsv	syn_groups_10.tsv	9.288	8.192	0.8819982773471146	507952.0	499376.0	0.9831165149462942
rohOutput_Demoonepop10000_NeuTRUE_Mu7e-08_Matingoutc100_Rep45	piawka	1	syn_groups.tsv	syn_groups_10.tsv	41.076	8.379	0.20398773006134968	23760.0	23872.0	1.0047138047138047
rohOutput_Demoonepop10000_NeuTRUE_Mu7e-08_Matingoutc100_Rep45	pixy	1	syn_groups.tsv	syn_groups_10.tsv	9.495	8.359	0.8803580832016852	519968.0	507664.0	0.9763370053541757
rohOutput_Demoonepop10000_NeuTRUE_Mu7e-08_Matingoutc100_Rep46	piawka	1	syn_groups.tsv	syn_groups_10.tsv	39.301	8.189	0.2083661993333503	23600.0	23760.0	1.006779661016949
rohOutput_Demoonepop10000_NeuTRUE_Mu7e-08_Matingoutc100_Rep46	pixy	1	syn_groups.tsv	syn_groups_10.tsv	8.923	8.186	0.9174044603832792	500688.0	508256.0	1.0151152014827598
rohOutput_Demoonepop10000_NeuTRUE_Mu7e-08_Matingoutc100_Rep47	piawka	1	syn_groups.tsv	syn_groups_10.tsv	39.053	8.118	0.20787135431336903	23696.0	23952.0	1.0108035111411209
rohOutput_Demoonepop10000_NeuTRUE_Mu7e-08_Matingoutc100_Rep47	pixy	1	syn_groups.tsv	syn_groups_10.tsv	9.188	8.155	0.8875707444492815	502976.0	500912.0	0.9958964244814862
rohOutput_Demoonepop10000_NeuTRUE_Mu7e-08_Matingoutc100_Rep48	piawka	1	syn_groups.tsv	syn_groups_10.tsv	40.62	8.374	0.2061546036435254	24432.0	23840.0	0.9757694826457105
rohOutput_Demoonepop10000_NeuTRUE_Mu7e-08_Matingoutc100_Rep48	pixy	1	syn_groups.tsv	syn_groups_10.tsv	9.208	8.421	0.9145308427454386	506512.0	506592.0	1.0001579429510061
rohOutput_Demoonepop10000_NeuTRUE_Mu7e-08_Matingoutc100_Rep49	piawka	1	syn_groups.tsv	syn_groups_10.tsv	39.122	8.095	0.20691682429323655	24192.0	23648.0	0.9775132275132276
rohOutput_Demoonepop10000_NeuTRUE_Mu7e-08_Matingoutc100_Rep49	pixy	1	syn_groups.tsv	syn_groups_10.tsv	8.937	8.183	0.9156316437283205	483088.0	493552.0	1.0216606498194947
rohOutput_Demoonepop10000_NeuTRUE_Mu7e-08_Matingoutc100_Rep52	piawka	1	syn_groups.tsv	syn_groups_10.tsv	40.96	8.363	0.2041748046875	24144.0	23520.0	0.974155069582505
rohOutput_Demoonepop10000_NeuTRUE_Mu7e-08_Matingoutc100_Rep52	pixy	1	syn_groups.tsv	syn_groups_10.tsv	9.487	8.237	0.8682407505006852	514208.0	505600.0	0.983259692575767
rohOutput_Demoonepop10000_NeuTRUE_Mu7e-08_Matingoutc100_Rep55	piawka	1	syn_groups.tsv	syn_groups_10.tsv	40.295	8.139	0.2019853579848616	24592.0	24144.0	0.9817826935588809
rohOutput_Demoonepop10000_NeuTRUE_Mu7e-08_Matingoutc100_Rep55	pixy	1	syn_groups.tsv	syn_groups_10.tsv	9.579	8.155	0.8513414761457353	508368.0	495648.0	0.9749787555471627
rohOutput_Demoonepop10000_NeuTRUE_Mu7e-08_Matingoutc100_Rep56	piawka	1	syn_groups.tsv	syn_groups_10.tsv	40.659	8.374	0.2059568607196439	23888.0	23696.0	0.9919624916275954
rohOutput_Demoonepop10000_NeuTRUE_Mu7e-08_Matingoutc100_Rep56	pixy	1	syn_groups.tsv	syn_groups_10.tsv	9.504	8.414	0.8853114478114478	512528.0	511616.0	0.9982205850216964
rohOutput_Demoonepop10000_NeuTRUE_Mu7e-08_Matingoutc100_Rep57	piawka	1	syn_groups.tsv	syn_groups_10.tsv	40.865	8.345	0.20420898079040745	24320.0	23776.0	0.9776315789473684
rohOutput_Demoonepop10000_NeuTRUE_Mu7e-08_Matingoutc100_Rep57	pixy	1	syn_groups.tsv	syn_groups_10.tsv	9.444	8.411	0.8906183820415077	501344.0	510192.0	1.0176485606689218
rohOutput_Demoonepop10000_NeuTRUE_Mu7e-08_Matingoutc100_Rep60	piawka	1	syn_groups.tsv	syn_groups_10.tsv	40.24	8.343	0.207331013916501	24608.0	23760.0	0.9655396618985695
rohOutput_Demoonepop10000_NeuTRUE_Mu7e-08_Matingoutc100_Rep60	pixy	1	syn_groups.tsv	syn_groups_10.tsv	9.199	8.422	0.9155342972062182	506784.0	503424.0	0.9933699564311422
rohOutput_Demoonepop10000_NeuTRUE_Mu7e-08_Matingoutc100_Rep61	piawka	1	syn_groups.tsv	syn_groups_10.tsv	39.652	8.166	0.2059416927267225	24192.0	23888.0	0.9874338624338624
rohOutput_Demoonepop10000_NeuTRUE_Mu7e-08_Matingoutc100_Rep61	pixy	1	syn_groups.tsv	syn_groups_10.tsv	9.197	7.902	0.8591932151788627	486000.0	477824.0	0.9831769547325103
rohOutput_Demoonepop10000_NeuTRUE_Mu7e-08_Matingoutc100_Rep62	piawka	1	syn_groups.tsv	syn_groups_10.tsv	40.661	8.352	0.20540567128206388	24128.0	23552.0	0.9761273209549072
rohOutput_Demoonepop10000_NeuTRUE_Mu7e-08_Matingoutc100_Rep62	pixy	1	syn_groups.tsv	syn_groups_10.tsv	9.227	8.421	0.912647664462989	498128.0	503952.0	1.011691774001863
rohOutput_Demoonepop10000_NeuTRUE_Mu7e-08_Matingoutc100_Rep63	piawka	1	syn_groups.tsv	syn_groups_10.tsv	39.652	8.096	0.20417633410672853	24096.0	23632.0	0.9807436918990704
rohOutput_Demoonepop10000_NeuTRUE_Mu7e-08_Matingoutc100_Rep63	pixy	1	syn_groups.tsv	syn_groups_10.tsv	9.233	8.19	0.8870356330553448	510048.0	504992.0	0.9900872074785119
rohOutput_Demoonepop10000_NeuTRUE_Mu7e-08_Matingoutc100_Rep64	piawka	1	syn_groups.tsv	syn_groups_10.tsv	39.947	8.154	0.2041204596089819	24480.0	23680.0	0.9673202614379085
rohOutput_Demoonepop10000_NeuTRUE_Mu7e-08_Matingoutc100_Rep64	pixy	1	syn_groups.tsv	syn_groups_10.tsv	9.251	8.179	0.8841206356069615	506448.0	507584.0	1.002243073326383
rohOutput_Demoonepop10000_NeuTRUE_Mu7e-08_Matingoutc100_Rep65	piawka	1	syn_groups.tsv	syn_groups_10.tsv	40.515	8.335	0.2057262742194249	24208.0	23664.0	0.9775280898876404
rohOutput_Demoonepop10000_NeuTRUE_Mu7e-08_Matingoutc100_Rep65	pixy	1	syn_groups.tsv	syn_groups_10.tsv	9.157	8.435	0.9211532161188163	501968.0	502768.0	1.0015937270901731
rohOutput_Demoonepop10000_NeuTRUE_Mu7e-08_Matingoutc100_Rep67	piawka	1	syn_groups.tsv	syn_groups_10.tsv	40.061	8.343	0.20825740745363322	23872.0	23776.0	0.9959785522788204
rohOutput_Demoonepop10000_NeuTRUE_Mu7e-08_Matingoutc100_Rep67	pixy	1	syn_groups.tsv	syn_groups_10.tsv	9.18	8.172	0.8901960784313726	500624.0	493232.0	0.9852344274345617
rohOutput_Demoonepop10000_NeuTRUE_Mu7e-08_Matingoutc100_Rep69	piawka	1	syn_groups.tsv	syn_groups_10.tsv	40.013	8.387	0.20960687776472647	23936.0	23776.0	0.9933155080213903
rohOutput_Demoonepop10000_NeuTRUE_Mu7e-08_Matingoutc100_Rep69	pixy	1	syn_groups.tsv	syn_groups_10.tsv	9.176	8.408	0.9163034001743678	500944.0	506912.0	1.011913507298221
rohOutput_Demoonepop10000_NeuTRUE_Mu7e-08_Matingoutc100_Rep70	piawka	1	syn_groups.tsv	syn_groups_10.tsv	40.274	8.371	0.2078512191488305	23744.0	23808.0	1.0026954177897573
rohOutput_Demoonepop10000_NeuTRUE_Mu7e-08_Matingoutc100_Rep70	pixy	1	syn_groups.tsv	syn_groups_10.tsv	9.176	8.18	0.8914559721011334	505920.0	504240.0	0.9966793168880456
rohOutput_Demoonepop10000_NeuTRUE_Mu7e-08_Matingoutc100_Rep71	piawka	1	syn_groups.tsv	syn_groups_10.tsv	39.245	8.125	0.20703274302458913	23840.0	23680.0	0.9932885906040269
rohOutput_Demoonepop10000_NeuTRUE_Mu7e-08_Matingoutc100_Rep71	pixy	1	syn_groups.tsv	syn_groups_10.tsv	8.939	7.925	0.8865644926725584	480608.0	478880.0	0.996404554231307
rohOutput_Demoonepop10000_NeuTRUE_Mu7e-08_Matingoutc100_Rep72	piawka	1	syn_groups.tsv	syn_groups_10.tsv	40.503	8.34	0.2059106732834605	24064.0	23792.0	0.9886968085106383
rohOutput_Demoonepop10000_NeuTRUE_Mu7e-08_Matingoutc100_Rep72	pixy	1	syn_groups.tsv	syn_groups_10.tsv	9.435	8.421	0.8925278219395866	516720.0	508608.0	0.9843009753831863
rohOutput_Demoonepop10000_NeuTRUE_Mu7e-08_Matingoutc100_Rep82	piawka	1	syn_groups.tsv	syn_groups_10.tsv	40.033	8.331	0.2081033147653186	24512.0	24080.0	0.9823759791122716
rohOutput_Demoonepop10000_NeuTRUE_Mu7e-08_Matingoutc100_Rep82	pixy	1	syn_groups.tsv	syn_groups_10.tsv	9.218	8.408	0.9121284443480147	515984.0	513904.0	0.9959688672516978
rohOutput_Demoonepop10000_NeuTRUE_Mu7e-08_Matingoutc100_Rep83	piawka	1	syn_groups.tsv	syn_groups_10.tsv	40.218	8.393	0.20868765229499228	24112.0	23504.0	0.9747843397478434
rohOutput_Demoonepop10000_NeuTRUE_Mu7e-08_Matingoutc100_Rep83	pixy	1	syn_groups.tsv	syn_groups_10.tsv	9.56	8.402	0.8788702928870291	516640.0	502496.0	0.9726231031279033
rohOutput_Demoonepop10000_NeuTRUE_Mu7e-08_Matingoutc100_Rep92	piawka	1	syn_groups.tsv	syn_groups_10.tsv	41.471	8.371	0.20185189650599217	24608.0	24320.0	0.988296488946684
rohOutput_Demoonepop10000_NeuTRUE_Mu7e-08_Matingoutc100_Rep92	pixy	1	syn_groups.tsv	syn_groups_10.tsv	9.518	8.389	0.8813826434124815	503472.0	496496.0	0.9861442145739981
rohOutput_Demoonepop10000_NeuTRUE_Mu7e-08_Matingoutc100_Rep94	piawka	1	syn_groups.tsv	syn_groups_10.tsv	41.0	8.316	0.20282926829268294	24240.0	24240.0	1.0
rohOutput_Demoonepop10000_NeuTRUE_Mu7e-08_Matingoutc100_Rep94	pixy	1	syn_groups.tsv	syn_groups_10.tsv	9.566	8.081	0.8447627012335354	510656.0	500560.0	0.980229352049129
rohOutput_Demoonepop10000_NeuTRUE_Mu7e-08_Matingoutc100_Rep95	piawka	1	syn_groups.tsv	syn_groups_10.tsv	39.965	8.079	0.20215188289753533	24336.0	23904.0	0.9822485207100592
rohOutput_Demoonepop10000_NeuTRUE_Mu7e-08_Matingoutc100_Rep95	pixy	1	syn_groups.tsv	syn_groups_10.tsv	8.974	8.079	0.9002674392689994	485328.0	478736.0	0.9864174331586062
rohOutput_Demoonepop10000_NeuTRUE_Mu7e-08_Matingoutc100_Rep96	piawka	1	syn_groups.tsv	syn_groups_10.tsv	40.232	8.321	0.2068254126068801	23648.0	23520.0	0.9945872801082544
rohOutput_Demoonepop10000_NeuTRUE_Mu7e-08_Matingoutc100_Rep96	pixy	1	syn_groups.tsv	syn_groups_10.tsv	9.19	8.361	0.9097932535364528	503328.0	502768.0	0.9988874054294615
rohOutput_Demoonepop10000_NeuTRUE_Mu7e-08_Matingoutc100_Rep97	piawka	1	syn_groups.tsv	syn_groups_10.tsv	40.048	8.282	0.20680183779464642	24080.0	23888.0	0.9920265780730897
rohOutput_Demoonepop10000_NeuTRUE_Mu7e-08_Matingoutc100_Rep97	pixy	1	syn_groups.tsv	syn_groups_10.tsv	9.245	8.338	0.9018929150892374	508256.0	505696.0	0.9949631681672229
rohOutput_Demoonepop10000_NeuTRUE_Mu7e-08_Matingoutc100_Rep98	piawka	1	syn_groups.tsv	syn_groups_10.tsv	39.14	8.048	0.2056208482370976	23952.0	23744.0	0.991315965263861
rohOutput_Demoonepop10000_NeuTRUE_Mu7e-08_Matingoutc100_Rep98	pixy	1	syn_groups.tsv	syn_groups_10.tsv	8.926	8.102	0.907685413399059	495136.0	494592.0	0.9989013119627739
rohOutput_Demoonepop10000_NeuTRUE_Mu7e-08_Matingoutc100_Rep99	piawka	1	syn_groups.tsv	syn_groups_10.tsv	39.168	8.046	0.20542279411764705	24336.0	24080.0	0.9894806048652203
rohOutput_Demoonepop10000_NeuTRUE_Mu7e-08_Matingoutc100_Rep99	pixy	1	syn_groups.tsv	syn_groups_10.tsv	8.934	8.122	0.909111260353705	497280.0	498592.0	1.0026383526383527
